Rank,Tiktoker name,Tiktok name,followers,avgviews,avglikes,avgcomments,avgshares
1,mrbeast,MrBeast,60300000.0,29200000.0,3500000.0,30800.0,7200.0
2,karolg,Karol G,42400000.0,23700000.0,3400000.0,21700.0,25700.0
3,yzn47,ÙŠØ²Ù† Ø§Ù„Ø£Ø³Ù…Ø±,8900000.0,48900000.0,998400.0,16300.0,60900.0
4,centralcee,CentralCee,4400000.0,19800000.0,3600000.0,23300.0,24200.0
5,adinross,adin,6100000.0,21100000.0,3300000.0,17500.0,25300.0
6,thebrandonrobert,Brandon Robert,11600000.0,13200000.0,2900000.0,5700.0,50500.0
7,mishayoung,ĞœÑ–ÑˆĞ° Ğ“Ğ¾Ñ€Ğ¾Ğ´ĞµÑ†ÑŒĞºĞ¸Ğ¹ ğŸ‡ºğŸ‡¦,4500000.0,21500000.0,2400000.0,16300.0,24500.0
8,yailinlamasviraloficial_,Yailin La MÃ¡s Viral,6100000.0,25000000.0,1700000.0,16600.0,5300.0
9,daniel.labelle,Daniel LaBelle,28400000.0,18600000.0,1800000.0,7500.0,19000.0
10,amauryguichon,Amaury Guichon,18400000.0,16200000.0,1600000.0,7800.0,21400.0
11,urbantheory_,Urban Theory,19800000.0,18500000.0,1900000.0,5400.0,16300.0
12,enhypen,enhypen,13300000.0,5700000.0,1700000.0,35000.0,25300.0
13,conangray,conangray,7000000.0,8000000.0,2200000.0,12700.0,19300.0
14,elissadeheart,Elissa DeHeart,2500000.0,7500000.0,1900000.0,20800.0,15500.0
15,im.camber,Camber,94000.0,6400000.0,1200000.0,4200.0,37500.0
16,matt_rife,Matt Rife,6100000.0,8500000.0,1600000.0,5600.0,16100.0
17,khaby.lame,Khabane lame,153100000.0,10600000.0,1200000.0,20800.0,2300.0
18,fadiljaidi,Fadil Jaidi,9200000.0,12700000.0,1700000.0,7600.0,4400.0
19,rosalia,La Rosalia,28100000.0,10600000.0,1200000.0,6100.0,8500.0
20,juandamc,JuanDa.,19700000.0,8100000.0,2000000.0,5200.0,5200.0
21,twitchtok7,tWitch,5600000.0,12100000.0,678200.0,11700.0,6500.0
22,anaraquelhz,Raquel,5700000.0,6500000.0,576100.0,4300.0,34300.0
23,karadenizli.maceraci,KARADENÄ°ZLÄ° MACERACI,1800000.0,18700000.0,914100.0,2700.0,5700.0
24,lexibrookerivera,Lexi Rivera,24800000.0,11300000.0,1500000.0,5600.0,2400.0
25,hotspanishmx,HotSpanish,11900000.0,11200000.0,1000000.0,6100.0,5900.0
26,surthycooks,Surthycooks,19900000.0,11500000.0,1300000.0,6300.0,1400.0
27,nicollefigueroaa,Nicolle Figueroa,15500000.0,13000000.0,1600000.0,4200.0,1300.0
28,nicocaponecomedy,nicocapone.comedy,24900000.0,12800000.0,547300.0,4700.0,11200.0
29,williesalim,WILLIE SALIM,20900000.0,13000000.0,888600.0,5000.0,3800.0
30,luvadepedreiro,Iran Ferreira (Lai),22100000.0,14400000.0,1100000.0,4400.0,1900.0
31,kimberly.loaiza,Kimberly Loaiza,70200000.0,7700000.0,883300.0,8800.0,3900.0
32,texasgirl_nadia,N A D I A,125700.0,13600000.0,914600.0,728.0,6100.0
33,slaterkodish,slaterkodish,1600000.0,10800000.0,1300000.0,1900.0,3900.0
34,bayashi.tiktok,ãƒãƒ¤ã‚·ğŸ¥‘Bayashi,38800000.0,10900000.0,1100000.0,4000.0,2500.0
35,amroqarawe,Amro Qarawe,1200000.0,8400000.0,490100.0,3800.0,13300.0
36,mohm.nabeel,mohammad.nabeel,2100000.0,5400000.0,383500.0,10500.0,22700.0
37,cedricgrolet,Cedric Grolet,3200000.0,9300000.0,797600.0,2200.0,6700.0
38,charlidamelio,charli dâ€™amelio,149000000.0,7800000.0,789900.0,6900.0,3000.0
39,dannero,Dannero,8500000.0,6000000.0,812300.0,6700.0,6000.0
40,txt.bighitent,TOMORROW X TOGETHER,19000000.0,3000000.0,847200.0,13900.0,9800.0
41,emillyvickof,Emilly Vick,13900000.0,11500000.0,570200.0,6700.0,2100.0
42,xelitobelek,xelito,1200000.0,2500000.0,336700.0,64800.0,192.0
43,seventeen17_official,SEVENTEEN,6600000.0,2900000.0,876900.0,12100.0,9400.0
44,amielgarciami,Ami Garcia Amiel,1500000.0,9300000.0,924300.0,2300.0,3800.0
45,noelgoescrazy,noelgoescrazy,19500000.0,16500000.0,668400.0,2100.0,2700.0
46,dylanmulvaney,Dylan Mulvaney,9700000.0,4700000.0,920400.0,10400.0,1400.0
47,ramonvitor,ramonvitor,11000000.0,7200000.0,1400000.0,3600.0,1300.0
48,miladmirg,Milad,6400000.0,11600000.0,920700.0,3600.0,944.0
49,mmmjoemele,Joe Mele,24100000.0,10600000.0,1000000.0,2400.0,2100.0
50,thezachchoi,Zach Choi,8000000.0,9200000.0,789200.0,2700.0,3800.0
51,thezachchoi,Zach Choi,8000000.0,9200000.0,789200.0,2700.0,3800.0
52,morimura,MoriMurağŸ•,9500000.0,4800000.0,772600.0,5800.0,6900.0
53,yano4kaa.aaa,yano4kaa,4700000.0,9200000.0,1000000.0,1600.0,3100.0
54,salzabilll_,s a l z a b i l l x ğŸ”®,8100000.0,8500000.0,709000.0,4600.0,2400.0
55,elpugaa,Puga,10300000.0,6700000.0,680100.0,2300.0,6900.0
56,kukombo,H,4800000.0,11400000.0,888100.0,3000.0,1200.0
57,brookemonk_,Brooke Monk,26300000.0,8200000.0,852000.0,3500.0,2200.0
58,yvesbissonsturgeonco,yves,1200000.0,8200000.0,320000.0,3000.0,11800.0
59,mewsuppasit21,mewsuppasit,1500000.0,4200000.0,864800.0,6800.0,3200.0
60,therock,The Rock,64300000.0,3600000.0,626000.0,8000.0,7800.0
61,elina_karimovaa,ğŸšElina_ë¦¬ë‚˜ëŒ€ì¥ë‹˜ğŸ¤,12700000.0,7200000.0,783600.0,3100.0,3200.0
62,bigchungus.tik,BigChungus,9200000.0,10300000.0,909600.0,2500.0,1300.0
63,domelipa,domelipa,62000000.0,5800000.0,779900.0,5300.0,2500.0
64,mikaylahau,Mikaylah,5800000.0,6100000.0,415600.0,10300.0,3300.0
65,mrnigelng,Nigel Ng (Uncle Roger),7300000.0,4600000.0,676600.0,3100.0,6800.0
66,jakefresca,Fresca Fresh,387500.0,3000000.0,560700.0,3800.0,14200.0
67,bellaamtz,Bella,1000000.0,5500000.0,813500.0,3000.0,3400.0
68,guiedits_,guieditss,149600.0,3000000.0,653900.0,3200.0,11400.0
69,niallhoran,Niall Horan,4800000.0,2200000.0,701000.0,9200.0,9300.0
70,shellyclouds,Shelly Clouds,1500000.0,11100000.0,695500.0,506.0,3100.0
71,jayandsharon,Jay & Sharon,2400000.0,4200000.0,488600.0,2100.0,11400.0
72,kane,kane,3200000.0,4600000.0,685400.0,2000.0,6300.0
73,future_millionaires,Future Millionaires,754800.0,5700000.0,790200.0,4100.0,1700.0
74,kyliejenner,Kylie Jenner,50400000.0,7500000.0,793100.0,2800.0,1600.0
75,rubentuestaok,Ruben Tuesta,25400000.0,5700000.0,648500.0,1900.0,5100.0
76,ferxxo444,Feid,5500000.0,3600000.0,715700.0,2900.0,6600.0
77,onwardwanna,WannağŸ¥Š,8400000.0,4700000.0,827100.0,4800.0,1400.0
78,montpantoja,Montpantoja,36900000.0,7000000.0,1200000.0,2000.0,1000.0
79,nekoglai,ĞĞ¸ĞºĞ¾Ğ»Ğ°Ğ¹,10000000.0,4700000.0,440500.0,9300.0,2400.0
80,esnyrrr,Esnyr,6000000.0,5100000.0,813800.0,2000.0,3700.0
81,skythedogtrainer,skythedogtrainer,31400.0,14000000.0,1200000.0,678.0,705.0
82,mclomaofficiall,mclomaofficial,6000000.0,6700000.0,1000000.0,2200.0,1200.0
83,lechilinh88,LÃª ChÃ­ Linh,4100000.0,7500000.0,513300.0,4400.0,1300.0
84,pongamoslo_a_prueba,PongÃ¡moslo a Prueba,38200000.0,7500000.0,898800.0,1800.0,1600.0
85,nianaguerrero,Niana Guerrero,35100000.0,7900000.0,725800.0,2100.0,1800.0
86,druskitv,DRUSKI,3800000.0,2800000.0,533600.0,4000.0,10400.0
87,jaykindafunny8,Jaykindafunny,25000000.0,8400000.0,582800.0,2100.0,2200.0
88,zodiac.boyfriend,Zodiac BoyfriendğŸªğŸ”®,2700000.0,4000000.0,386700.0,7400.0,5900.0
89,andrewlepage23,Andrew Le Page,209000.0,4400000.0,390300.0,3600.0,7800.0
90,pandkourt,Kourtney-Penelope,5000000.0,10100000.0,846000.0,0.0,2300.0
91,pinkpantheress,ğŸ˜˜ğŸ™ˆâ˜ºï¸,1700000.0,3400000.0,732400.0,5800.0,1700.0
92,bellapoarch,Bella Poarch,92600000.0,6000000.0,482200.0,4800.0,1500.0
93,thethinktok,The Think Tok,782400.0,2800000.0,284600.0,5100.0,18200.0
94,livvy,Olivia Dunne,6500000.0,4900000.0,550800.0,4600.0,2100.0
95,falcopunch,Falco,13200000.0,3700000.0,522600.0,4800.0,4400.0
96,vibin.wit.tay,Tay,5400000.0,2500000.0,486400.0,3200.0,11400.0
97,swagboygorringe,Daniel Gorringe,7000000.0,3100000.0,347200.0,6000.0,10500.0
98,sadiafza,Sadia,2700000.0,5300000.0,749000.0,2200.0,2100.0
99,ryanbakery,ğ™ğ™®ğ™–ğ™£ğ˜½ğ™–ğ™ ğ™šğ™§ğ™®,3200000.0,3800000.0,466800.0,4300.0,5200.0
100,zachking,Zach King,72100000.0,11500000.0,466400.0,1600.0,1500.0
101,docdami,Doc Dami,4100000.0,4700000.0,759100.0,2200.0,2300.0
102,mdmotivator,Zachery Dereniowski,11300000.0,4900000.0,834200.0,2700.0,1200.0
103,cool__bad,Kuan - Aisha ğŸ”,2800000.0,9400000.0,565400.0,1700.0,1200.0
104,kallmekris,Kris HC,47600000.0,3600000.0,715500.0,3800.0,2100.0
105,angelaaguilar_,Angela Aguilar :),10700000.0,5400000.0,469800.0,2300.0,3600.0
106,joshtgodfrey,Josh Godfrey,1100000.0,3700000.0,464600.0,3900.0,4700.0
107,kieram.litchfield,Kieram Litchfield,2300000.0,5900000.0,708800.0,2200.0,1200.0
108,kervo.dolo,Kervo.dolo,10500000.0,3100000.0,515700.0,3100.0,5700.0
109,winnermaxyt,WinnerMax,7100000.0,6400000.0,421500.0,1700.0,3400.0
110,olisboa,LISBOA,3900000.0,4300000.0,740300.0,1100.0,3000.0
111,imeyhou,Meyden,5000000.0,4800000.0,802400.0,2700.0,658.0
112,lilireinhart,Lili Reinhart,5600000.0,4200000.0,602900.0,1800.0,3300.0
113,therealemilylin,Emily Lin,238900.0,5200000.0,655300.0,3500.0,258.0
114,nourmar5,nourmar5,14700000.0,3100000.0,190400.0,10000.0,11600.0
115,selenagomez,Selena Gomez,44900000.0,4500000.0,545600.0,3700.0,1300.0
116,kumulator,KumulÃ¡tor zÃ¡bavy,123000.0,2300000.0,207000.0,4600.0,20800.0
117,spencer_serafica,Xspencer,14100000.0,4200000.0,497600.0,3700.0,2100.0
118,jesusnalgas,JESUSNALGAS,3900000.0,3400000.0,325900.0,4300.0,6300.0
119,makeup_rhk,makeup_rhk,860300.0,4300000.0,812800.0,556.0,2800.0
120,duncanyounot,Duncan Joseph,4400000.0,2900000.0,560100.0,2700.0,4200.0
121,sijad_qasim,Ø³Ø¬Ø§Ø¯ Ù‚Ø§Ø³Ù…,2300000.0,5900000.0,171600.0,4000.0,6900.0
122,lance210,Lance Stewart,22700000.0,4200000.0,420000.0,1800.0,4300.0
123,ivanaalawi,Ivana Alawi,8600000.0,5900000.0,606500.0,2000.0,956.0
124,muluerror,"Nama gue Rian, tp bkn babayo",672800.0,6100000.0,395600.0,2100.0,2300.0
125,millennialmonroe,Mandy,112100.0,4800000.0,270400.0,1600.0,6400.0
126,whatslucasup2,Lucas Peterson BMX art,467700.0,3600000.0,301700.0,3300.0,5900.0
127,willsmith,Will Smith,73000000.0,4700000.0,514600.0,2200.0,2000.0
128,marisol.viola,marisol viola,1500000.0,2400000.0,411200.0,3000.0,7300.0
129,nicolebloomgarden,Nicole Bloomgarden,675600.0,2300000.0,451300.0,1900.0,7700.0
130,thelondoncharles,London Charles,6900000.0,3300000.0,598900.0,3500.0,1500.0
131,jimmydarts,Jimmy Darts,9800000.0,4300000.0,607700.0,2900.0,894.0
132,antourny,Antony Santos,2600000.0,4800000.0,527400.0,3000.0,788.0
133,thallyssonsb,Thallysson Borges,11600000.0,2700000.0,372000.0,3700.0,5700.0
134,itsblasphemus,ğŸ—£ğŸ“±itsblasphemus,994500.0,3100000.0,383000.0,2400.0,5600.0
135,yerimuaa,Yeri MUA,5300000.0,7300000.0,645700.0,1400.0,485.0
136,raredoodle,rare doodle,2100000.0,3100000.0,425000.0,3100.0,3900.0
137,hf37777,à¼Šà·´Ù†Ø¬ÙÙ…Ù€ Ø§Ù„ÙØ«Ù€Ø±ÙÙŠÙØ§Ø¡ã€„à¿,801500.0,1300000.0,85200.0,4300.0,80400.0
138,brentrivera,Brent Rivera,45800000.0,4600000.0,557400.0,2300.0,1200.0
139,tifannylm,âš¡ï¸TEF,9300000.0,5800000.0,709000.0,972.0,1200.0
140,alexisomman,Alexis Omman,11500000.0,2700000.0,403700.0,6500.0,1600.0
141,theofficecurrently,The Office Currently,308000.0,2200000.0,172100.0,1300.0,22400.0
142,keniaos,KeniaOs,16600000.0,3200000.0,515000.0,3300.0,2000.0
143,ali.klose11,Ø¹Ù„ÙŠ ÙƒÙ„ÙˆØ²Ù‡,2400000.0,3400000.0,357500.0,5100.0,2000.0
144,alexwaarren,Alex warren,15600000.0,5200000.0,854600.0,1000.0,902.0
145,bilalahy,Bilal,4200000.0,3200000.0,497700.0,2200.0,3100.0
146,ferchugimenez,Fernanda,8200000.0,4700000.0,825800.0,1000.0,1200.0
147,the.sign.guy,Austin Mollno,7200000.0,4600000.0,660700.0,2100.0,571.0
148,therealhammytv,TheRealHammyTV,16100000.0,6400000.0,227300.0,1300.0,4400.0
149,bu3qeel,abu aqeel ğŸ™†ğŸ»â€â™€ï¸,1200000.0,4100000.0,217200.0,3900.0,5300.0
150,attahalilintar,Atta Halilintar,13300000.0,5200000.0,448000.0,1900.0,1500.0
151,thekapelariz,The Kapelari Family,2500000.0,2800000.0,253000.0,4600.0,6700.0
152,zusjeofficial,ZUSJE,8300000.0,6100000.0,334600.0,2700.0,1200.0
153,jaxwritessongs,Jax,12900000.0,3300000.0,433400.0,4600.0,876.0
154,luismariz,Luis Mariz,12700000.0,7000000.0,555600.0,648.0,1400.0
155,pablitocastilloo,pablitocastilloo,6400000.0,2700000.0,269100.0,1700.0,9100.0
156,jvke,JVKE,9900000.0,2700000.0,517800.0,2800.0,2700.0
157,jombospice,JOMBOSPICE,9800000.0,5600000.0,648900.0,1600.0,554.0
158,julieevlorentzen,julie,4200000.0,4800000.0,634800.0,2000.0,547.0
159,adamw,Adam W,17700000.0,4100000.0,322000.0,2000.0,3800.0
160,garett__nolan,Garett Nolan,13400000.0,2700000.0,351300.0,2900.0,5200.0
161,ayesebastien,Sebastien,8100000.0,2800000.0,550500.0,1900.0,3000.0
162,la_lerma,LERMITA,13400000.0,3000000.0,567400.0,2100.0,2200.0
163,soysuco,Soysuco,14000000.0,3700000.0,373900.0,4700.0,652.0
164,lyodrabeneran,Lyodra Ginting,2500000.0,4300000.0,558100.0,1900.0,1200.0
165,pietro_morello,Pietro Morello,3100000.0,6600000.0,464400.0,1500.0,889.0
166,_andrewcurtiss,Andrew Curtis,2900000.0,2000000.0,408800.0,5800.0,3100.0
167,good.boy.ollie,Good Boy Ollie,5200000.0,2200000.0,398100.0,2600.0,5500.0
168,shxtsngigs,ShxtsNGigs Podcast,5900000.0,2600000.0,467200.0,1100.0,4600.0
169,addisonre,Addison,88700000.0,5300000.0,304900.0,2400.0,2000.0
170,chriscoquyt,Chris Coquyt,136200.0,2400000.0,353800.0,3600.0,4600.0
171,hisoyvaleria,valeria ğŸ–¤,9900000.0,3900000.0,454100.0,1600.0,2300.0
172,joaoferdnan,JoÃ£o Ferdnan,8800000.0,2300000.0,274600.0,4100.0,6900.0
173,graciajessicajane,Jessica JaneğŸŒ™,11600000.0,4900000.0,510400.0,1900.0,806.0
174,sabrenorris,Sabre Norris,3800000.0,3100000.0,321100.0,6300.0,584.0
175,official_nct,NCT Official,9200000.0,2300000.0,572500.0,3300.0,1900.0
176,ustazebitlew,Ebit Lew,4600000.0,2700000.0,213100.0,6000.0,5600.0
177,sromero29,Samuel29,599100.0,1700000.0,112900.0,887.0,34400.0
178,augustogimenez,AugustoGimenez,15000000.0,5300000.0,653500.0,1300.0,528.0
179,grannybibbins,Granny,944800.0,1500000.0,162200.0,1700.0,24600.0
180,jairsanchezzz,Jair Sanchez,8000000.0,2100000.0,349800.0,2000.0,6700.0
181,k0uvr,Kouvr,14000000.0,4300000.0,616500.0,954.0,1400.0
182,katjakrasavice,KatjaKrasavice,2800000.0,1900000.0,255500.0,11400.0,1400.0
183,janneksplace,Janneksplace,2000000.0,2700000.0,334200.0,5400.0,1600.0
184,allanpendong4,Allan Pendong,130200.0,3500000.0,245300.0,4100.0,3000.0
185,aureliehermansyahatta,Aurelie Hermansyah,9800000.0,5800000.0,351500.0,1900.0,1000.0
186,kulinaria.recetas,AGUS LIPORACE,4500000.0,2200000.0,299600.0,281.0,8600.0
187,areyoukiddingtv,AreYouKiddingTV,5700000.0,4800000.0,665700.0,1400.0,385.0
188,faryanggaa,Ryann,6100000.0,3500000.0,470500.0,2300.0,1200.0
189,_lilg4,LIL Gâ­ï¸,3000000.0,2600000.0,406000.0,2700.0,2700.0
190,_angelomarasigan,Angelo,4000000.0,4000000.0,564800.0,1700.0,833.0
191,adamalhidayat,ADAMALHDYT,3800000.0,5700000.0,472200.0,1100.0,1000.0
192,larissagloor,ğ—Ÿğ—®ğ—¿ğ—¶ğ˜€ğ˜€ğ—® ğ—šğ—¹ğ—¼ğ—¼ğ—¿,4200000.0,3600000.0,418700.0,2400.0,1400.0
193,bomanizer,Bomanizer,1900000.0,1900000.0,381100.0,2300.0,5400.0
194,miakhalifa,Mia K.,36600000.0,3900000.0,227200.0,4900.0,1400.0
195,jacobday,Jacob Day,6500000.0,2500000.0,476200.0,3500.0,1100.0
196,matheuskriwat,Matheuskriwat,11200000.0,3700000.0,236200.0,5800.0,523.0
197,calebwsimpson,CALEB SIMPSON,6500000.0,4500000.0,449900.0,1000.0,1700.0
198,cheekyboyos,the cheeky boyos,11000000.0,3800000.0,475200.0,1800.0,1200.0
199,oliviergiroud,Olivier Giroud,1300000.0,2700000.0,452500.0,2700.0,1800.0
200,vincentgiganteee,Vincent Gigante,2600000.0,3300000.0,607700.0,1000.0,1700.0
201,thebenjishow,benji,6200000.0,2800000.0,458300.0,1300.0,2900.0
202,joaodoce,Joao Doce,3300000.0,3400000.0,352900.0,2800.0,1700.0
203,andrea.dvrs,DapaneyğŸ¦‹,2600000.0,5200000.0,526100.0,1300.0,709.0
204,officialbhafc,Brighton & Hove Albion FC,600300.0,4600000.0,389000.0,2200.0,729.0
205,claudiaraia,Claudia Raia,2800000.0,3200000.0,446100.0,2600.0,1100.0
206,elsaucepapii,SaucePapii22,1500000.0,2400000.0,219900.0,684.0,9300.0
207,werenotreallystrangers,WNRS,4800000.0,2000000.0,315900.0,2800.0,5400.0
208,marianagrimaldii,La NiÃ±a Fresa ğŸ“,3800000.0,4500000.0,414000.0,636.0,2200.0
209,qamar_altaey,ğ‘„ğ´ğ‘€ğ´ğ‘…,4400000.0,2100000.0,238400.0,3800.0,6900.0
210,melmaia,Mel Maia ğŸ¯,14000000.0,4800000.0,476600.0,1200.0,1100.0
211,outtpig,OuttPig,2400000.0,2300000.0,431900.0,1500.0,3700.0
212,edgar3104,Edgarmendez,5700000.0,6800000.0,284800.0,1700.0,958.0
213,christianchavezreal,Christian ChÃ¡vez,1700000.0,2200000.0,336400.0,3900.0,3000.0
214,championsleague,Champions League,20300000.0,2800000.0,474000.0,1900.0,2000.0
215,gordonramsayofficial,Gordon Ramsay,35600000.0,4600000.0,388200.0,2300.0,613.0
216,dixiedamelio,dixie,57500000.0,4700000.0,356600.0,2100.0,923.0
217,maxtaylorlifts,Max Taylor,9400000.0,3200000.0,440800.0,2000.0,1600.0
218,oironyoliveira,Kbuloso ğŸ˜ˆ,7100000.0,1500000.0,132000.0,412.0,25000.0
219,marko,marko,11200000.0,2300000.0,275300.0,3400.0,4600.0
220,dinosonso_ofc,DinoSonso,8800000.0,2500000.0,194100.0,4400.0,5900.0
221,firmanskd,ğ™†ğ™Šğ˜¾ğ˜¼ğ™‰,3100000.0,2200000.0,174600.0,632.0,12300.0
222,oficialrc3,Roberto Carlos,3600000.0,5100000.0,397000.0,901.0,1500.0
223,danythegaggio,Daniele Cabras,3500000.0,2400000.0,290700.0,1600.0,5600.0
224,tina_042,ğ’¯ğ’¾ğ“ƒğ’¶,1300000.0,2400000.0,504900.0,2100.0,1900.0
225,pedroallann,Pedroca,2900000.0,2300000.0,422500.0,2500.0,2400.0
226,piffpeterson,piff peterson,3900000.0,3300000.0,379500.0,1500.0,2300.0
227,jongmineyo,ì¢…ë¯¼ì˜¤ë¹   Jongmin oppa,15200000.0,4300000.0,275300.0,1800.0,2200.0
228,jumpersjump,Jumpers Jump Podcast,8400000.0,3700000.0,351900.0,2200.0,1600.0
229,piitien1603,pi tiÃªn â„¢,1700000.0,3800000.0,288300.0,2200.0,2100.0
230,gehu.gl,Gerson Garcia,573300.0,2000000.0,129000.0,1900.0,16500.0
231,mesitaaa,Mesita,486900.0,3200000.0,550700.0,947.0,1700.0
232,szivsz,Ziva Magnolya,2100000.0,4300000.0,479700.0,1400.0,857.0
233,dilanjaniyar,Emang namanya Dilan,2200000.0,4100000.0,393600.0,1800.0,1200.0
234,fernandamotafarhat,Fe,7300000.0,3300000.0,349300.0,733.0,3300.0
235,stickyboy69,stickyboy69,9200000.0,1300000.0,298700.0,9100.0,2800.0
236,juliagisella,juliagisella,13500000.0,3000000.0,377100.0,2400.0,1600.0
237,mieayamthebstt,UnaağŸœ,17000000.0,3100000.0,339900.0,2600.0,1800.0
238,frankielapenna,Frankie LaPenna,5700000.0,6800000.0,227900.0,1200.0,1800.0
239,jdpantoja,JD Pantoja,31900000.0,2500000.0,451100.0,3300.0,784.0
240,davidcstt_,David Costa,6200000.0,3000000.0,514000.0,1700.0,1200.0
241,badboyrema,Rema,2700000.0,3100000.0,421000.0,2600.0,894.0
242,simxmargo,Seamoan {1M+},1000000.0,2400000.0,493100.0,2100.0,1700.0
243,elainebabey,ELAINEBABEY,142800.0,1700000.0,280400.0,3600.0,5900.0
244,chinguamiga,Chingu Amiga,20700000.0,4200000.0,566200.0,1500.0,393.0
245,siscakohl,Sisca Kohl,13000000.0,4400000.0,369100.0,1900.0,716.0
246,santiperezvivas,Santi Perez,3500000.0,2500000.0,450900.0,1400.0,2500.0
247,jessnolimit999,Jess No Limit,6900000.0,4100000.0,379500.0,2200.0,536.0
248,b.blek,b.blek,3300000.0,3100000.0,244600.0,2200.0,3500.0
249,jacksepticeye,Jacksepticeye,5000000.0,2300000.0,476000.0,2700.0,1100.0
250,saramohannad_,Sara,9000000.0,3600000.0,220700.0,3700.0,1600.0
251,andrewrousso,Andrew Rousso,2800000.0,1100000.0,245800.0,2000.0,13400.0
252,murphslife,Aaron Murphy,6000000.0,1900000.0,250000.0,4700.0,3900.0
253,haileesteinfeld,Hailee Steinfeld,3600000.0,1600000.0,273900.0,7000.0,2200.0
254,abir.sag,Abir el saghir,18900000.0,3200000.0,236000.0,4200.0,1100.0
255,paytonking,Payton King,5300000.0,1700000.0,388200.0,2700.0,3400.0
256,winniedom,Winnie Dominguez ğŸŒ»,499700.0,1800000.0,305500.0,2000.0,5200.0
257,lukas.urkijo,Lukas urkijo,2000000.0,2000000.0,422000.0,3400.0,1300.0
258,nia.ramadhani.bakrie,Nia Ramadhani Bakrie,2100000.0,4100000.0,337100.0,1600.0,1200.0
259,fredziownik_art,Franek Bielak,12900000.0,6700000.0,300200.0,1600.0,340.0
260,fedez,fedez,5900000.0,2600000.0,381000.0,1500.0,2600.0
261,ser_jay,Hello Itâ€™s me SerJay,5600000.0,2000000.0,303100.0,2100.0,4300.0
262,ketnipz,Ketnipz,5300000.0,1700000.0,274100.0,558.0,7700.0
263,cookingwithlynja,Lynja,14500000.0,1900000.0,193500.0,10000.0,429.0
264,katiavlogss,KATIAVLOGSğŸ’,15100000.0,4800000.0,552900.0,571.0,872.0
265,cbum,Chris Bumstead,3800000.0,3000000.0,231500.0,983.0,4400.0
266,recider,Recider,2200000.0,2100000.0,546400.0,1100.0,2200.0
267,moosenyc2,moose,1000000.0,3000000.0,388100.0,1200.0,2000.0
268,linatejeiro8,Lina Tejeiro,4600000.0,3700000.0,311700.0,1800.0,1400.0
269,jakehunterofficial,Jake hunter,3700000.0,3400000.0,270300.0,2000.0,2000.0
270,dylan.page,Dylan Page,4900000.0,1900000.0,278000.0,4200.0,2700.0
271,nurse.johnn,nurse.johnn,3300000.0,1600000.0,226700.0,1200.0,8800.0
272,lilnasx,lil nas x,29100000.0,2600000.0,371100.0,2200.0,1500.0
273,catherineealicia,catheez,2000000.0,3200000.0,362100.0,1800.0,1300.0
274,aleatoriamente7777,Gabriel Aleatoriamente,2000000.0,1500000.0,353600.0,5100.0,1600.0
275,isaac.h.p.karaoke.backup,Isaac H.P Karaoke Backup,2000000.0,1000000.0,225500.0,6400.0,9400.0
276,aydas,Aydas,14900000.0,4500000.0,326400.0,1800.0,558.0
277,anokhinalz,Ğnokhina Liza,39000000.0,4100000.0,406600.0,1800.0,294.0
278,bryan_skabeche,Bryan SKabeche,7200000.0,4900000.0,485500.0,987.0,486.0
279,wuesilva,Wue Silva,14300000.0,3000000.0,305400.0,1400.0,2500.0
280,daviddobrik,DAVID DOBRIK,26400000.0,3000000.0,423700.0,884.0,1900.0
281,victtoriamedeiros,VicttÃ³ria Medeiros,8700000.0,2800000.0,337100.0,1200.0,2500.0
282,datvilla94,ğŸ”¥Äáº¡t VillağŸ”¥,7300000.0,1700000.0,200700.0,6600.0,3800.0
283,cody.taurus,Cody Taurus,740600.0,1300000.0,155500.0,1400.0,15300.0
284,anwar,Anwar Jibawi,13100000.0,2300000.0,310700.0,2400.0,2300.0
285,marlene2995,Marlenebenitez,12000000.0,4000000.0,305700.0,1400.0,1400.0
286,jkartsoccer_tiktok,JKartsoccer,1500000.0,5800000.0,288900.0,813.0,1200.0
287,bellacampox,Bella Campos,786400.0,2500000.0,372400.0,2300.0,1400.0
288,lionfieldmusic,lionfield,5900000.0,2600000.0,294900.0,2900.0,1600.0
289,andrefernm,AndrÃ© Fernandes,387300.0,888500.0,111900.0,5700.0,28300.0
290,mandrake1984real,Giuseppe Mandrake Ninno,1600000.0,2100000.0,250400.0,1100.0,5200.0
291,elena_oki,Elena,1300000.0,2000000.0,352200.0,1500.0,3200.0
292,prokhozhy,Ğ’Ğ¸ĞºÑ‚Ğ¾Ñ€ ĞŸĞ°Ğº,1400000.0,1800000.0,161000.0,1700.0,9400.0
293,tangmokoko,à¹à¸•à¸‡à¹‚à¸¡ à¹‚à¸à¹‚à¸à¹‰à¸›à¸±à¹ˆà¸™,1100000.0,3200000.0,445700.0,707.0,1600.0
294,haileybieber,Hailey Bieber,10500000.0,3300000.0,398500.0,1500.0,972.0
295,mackenzieziegler,Mackenzie Ziegler,22400000.0,4400000.0,694300.0,700.0,369.0
296,canalzezao,ZezÃ£o,7700000.0,2000000.0,166500.0,2200.0,7700.0
297,francoescamillaofficial,Franco Escamilla,18300000.0,3100000.0,372200.0,498.0,2300.0
298,agnesmelo_oficial,Agnes Melo,6000000.0,3700000.0,410900.0,1100.0,1000.0
299,shenacinnamon,Shenina Cinnamon,598000.0,6400000.0,478200.0,542.0,499.0
300,inpersa16,Indah permatasari,2300000.0,3900000.0,295000.0,1600.0,1100.0
301,smtown_official,SMTOWN,2800000.0,1800000.0,379600.0,2900.0,1800.0
302,ive.official,IVE.official,3600000.0,1800000.0,334300.0,4000.0,1300.0
303,jostyle_17,Jostyle17,1600000.0,2400000.0,290400.0,1100.0,3500.0
304,unnecessaryinventions,Unnecessary Inventions,6000000.0,3100000.0,303100.0,2500.0,876.0
305,felipenpv,Felipe Paiva,5000000.0,2000000.0,361000.0,2500.0,1800.0
306,itskingchris,KingChristian,18300000.0,2100000.0,386300.0,2600.0,1300.0
307,jackjos3ph,Jack Joseph,3400000.0,1700000.0,258600.0,3100.0,3900.0
308,leleburnier,LELÃŠ BURNIER,2700000.0,1800000.0,424300.0,3300.0,777.0
309,theacefamily,Theacefamily,6500000.0,4100000.0,521000.0,0.0,1400.0
310,vilmeijuga,VILMEIâœ¨,21400000.0,3300000.0,267500.0,2100.0,1400.0
311,divabry,âšœï¸DIVABRYâšœï¸,4300000.0,2900000.0,369900.0,1500.0,1300.0
312,jeffwittek,jeff,2000000.0,3900000.0,496800.0,526.0,1000.0
313,oli_natu,Oli Natu,11200000.0,2800000.0,361800.0,1500.0,1500.0
314,erictro,Eric Tro,4900000.0,3600000.0,397500.0,560.0,1500.0
315,mozzacella.cheez,Mozzarella Cheese,69000.0,2100000.0,281400.0,4000.0,1100.0
316,jubiandxian,jubiandxian,6400000.0,2800000.0,486900.0,1100.0,1100.0
317,shamichef21,Shamichef,2600000.0,3700000.0,113600.0,2000.0,5100.0
318,arigameplays,AriGameplays,23600000.0,2900000.0,415800.0,1600.0,897.0
319,dudamaryah,dudamaryah,6800000.0,2400000.0,435500.0,1500.0,1300.0
320,camilo,Camilo,29600000.0,4100000.0,417900.0,1200.0,520.0
321,shakira,Shakira,27300000.0,3100000.0,305800.0,2300.0,747.0
322,axelwebber,Axel,4400000.0,2800000.0,384000.0,1700.0,1100.0
323,katelynrosebrown,KatelynBrown,1900000.0,3300000.0,375700.0,1400.0,1000.0
324,kaansanity,aakaanksh,5000000.0,3300000.0,159900.0,1500.0,4000.0
325,andresgjohnson,Andres Johnson256,4700000.0,1900000.0,237600.0,1100.0,5500.0
326,zhcyt,ZHC,15400000.0,3300000.0,466000.0,1500.0,410.0
327,cedriklorenzen,Cedrik Lorenzen,3200000.0,1300000.0,180000.0,3600.0,8400.0
328,emiliamernes,EMILIA,5000000.0,3900000.0,403300.0,869.0,920.0
329,tooturnttony,Tooturnttony,18800000.0,2900000.0,340900.0,2300.0,513.0
330,moisesturcioss,Moises Turciosâ“‚ï¸,1200000.0,1900000.0,115900.0,1700.0,10800.0
331,marcel.ruiz,Marcel Ruiz,303100.0,1500000.0,374500.0,3300.0,1700.0
332,pakoyaso_,Pakoyaso,14500000.0,4200000.0,500100.0,758.0,574.0
333,phuonganhcun97,LÃª PhÆ°Æ¡ng Anh,1600000.0,4000000.0,314000.0,1700.0,520.0
334,emrata,Emrata,2100000.0,3400000.0,323000.0,867.0,1600.0
335,ygnazz,NAS,2500000.0,2200000.0,318900.0,1700.0,2300.0
336,twice_tiktok_officialjp,TWICE JAPAN OFFICIAL,4800000.0,1300000.0,276500.0,4800.0,2900.0
337,syifahadjuuuuuuu,Syifa Hadju,4100000.0,3300000.0,473800.0,1200.0,513.0
338,xule079,XÃ¹ LÃ¨O,1800000.0,5300000.0,235100.0,2000.0,213.0
339,vanessalopesr,Vanessa Lopes,26900000.0,2900000.0,275600.0,2200.0,1300.0
340,fahmi.nm,Fahmi,8800000.0,3300000.0,437700.0,1200.0,759.0
341,postmalone,Post Malone,14400000.0,1600000.0,221000.0,2800.0,4900.0
342,kekepalmer,Keke Palmer,7000000.0,1800000.0,313900.0,2200.0,2600.0
343,mrcaqui,Facundo Izquierdo,7100000.0,1000000.0,294100.0,1500.0,7400.0
344,madelineargy,madz,3300000.0,3200000.0,574800.0,976.0,463.0
345,los_chicaneros,Los_chicaneros,5200000.0,2300000.0,235400.0,1500.0,3400.0
346,kaelimaee,kaeli mae,12400000.0,3200000.0,435900.0,1100.0,786.0
347,sara.wais,Sara Waisglass,4400000.0,2400000.0,502000.0,1700.0,481.0
348,anas_elshayib,Ø§Ù†Ø³ Ø§Ù„Ø´Ø§ÙŠØ¨,4600000.0,3500000.0,182400.0,2300.0,1700.0
349,jjeverettrose,Jake Joseph Everett-Rose,4300000.0,2300000.0,375100.0,1600.0,1500.0
350,sauud_70,Ø³Ø¹ÙˆØ¯ Ø§Ù„Ù‚Ø­Ø·Ø§Ù†ÙŠ,2700000.0,3300000.0,111700.0,5600.0,1400.0
351,simonservidamusic,simonservidamusic,126400.0,2300000.0,252000.0,1800.0,2700.0
352,itstaylerholder,Tayler Holder,20000000.0,4800000.0,301200.0,1200.0,601.0
353,rafaelsantos,Rafael Santos,19400000.0,2800000.0,417300.0,1700.0,497.0
354,poorlifecx,Poorlifecx,1300000.0,4000000.0,160600.0,1900.0,2100.0
355,retomiguel,Jen & Miguel,3200000.0,2400000.0,267800.0,564.0,3500.0
356,johnsonfiles,The Johnson Files,296600.0,1600000.0,181500.0,476.0,8300.0
357,yura.yunita,Yura Yunita,1100000.0,2700000.0,340600.0,1600.0,1200.0
358,islasvlogs_,Islas Vlogs,2800000.0,4100000.0,445100.0,740.0,638.0
359,cardncyn,Carddd,4900000.0,4000000.0,589200.0,682.0,383.0
360,pkllipe,Pk,20100000.0,2000000.0,422200.0,1200.0,1700.0
361,gregoriopernia,gregorioperniaoficial,5000000.0,3000000.0,195400.0,2500.0,1700.0
362,adrianbliss,Adrian Bliss,7600000.0,2800000.0,444000.0,576.0,1400.0
363,joycaledelire,JoycaLeDelire,3600000.0,2000000.0,325600.0,1600.0,2200.0
364,andy.and.michelle,Andy & Michelle,6100000.0,2700000.0,328500.0,1000.0,1800.0
365,nalgalia.g,natiğŸ‘½,15800000.0,5600000.0,393300.0,666.0,449.0
366,libardoisaza,Libardo Isaza,20000000.0,4000000.0,455100.0,1000.0,350.0
367,tonyeffebaby777,tonyeffebaby777,674500.0,2200000.0,304600.0,1300.0,2300.0
368,avascreams,ava,1300000.0,1800000.0,367700.0,2700.0,956.0
369,febrastanty,Febbyrastanty,1200000.0,4600000.0,250000.0,1000.0,1100.0
370,leigh_mcnasty,Leigh McClendon,3600000.0,1500000.0,175600.0,1600.0,7500.0
371,yazidzohri,Yazid Zohri,2800000.0,1500000.0,96100.0,14200.0,2300.0
372,jaynagy,JAY JAMES NAGY,8800000.0,1300000.0,171800.0,601.0,9800.0
373,viraltvro,Viral Videos,249700.0,3700000.0,111800.0,927.0,4800.0
374,yurinya1128,ã‚†ã‚Šã«ã‚ƒ,795500.0,4000000.0,194700.0,2100.0,887.0
375,kehlani,Kehlani,4100000.0,2200000.0,320500.0,1900.0,1500.0
376,jameshenry,James Henry,4100000.0,4900000.0,446200.0,424.0,640.0
377,mdrr05,ğŸ‡©ğŸ‡¿Ù…Ø±ÙˆØ§Ù† Ø§Ù„Ø¨Ø§ØªÙ†ÙŠğŸ˜‚,3200000.0,2400000.0,125900.0,1600.0,6200.0
378,e_l_k_s_a_7_a,ğŸ”± Ø§Ù„ÙƒØ³Ø§Ø­Ù‡ ğŸ”±,7500000.0,2200000.0,245400.0,2400.0,1900.0
379,pete_pamana,petepamana,3300000.0,1900000.0,225600.0,3600.0,1600.0
380,suavexavier,Savyy,13400000.0,1900000.0,312700.0,2400.0,1400.0
381,voronina_valeria_,Valeria Voronina,4200000.0,4900000.0,278100.0,969.0,698.0
382,anna..paull,Anna Paul,5800000.0,2700000.0,460400.0,1500.0,326.0
383,jairitosolano,jairito,2300000.0,4400000.0,306300.0,674.0,983.0
384,axelviewoficial,AxelView,4200000.0,1800000.0,186000.0,999.0,5600.0
385,kallmewhateveryouwant,kallmewhateveryouwant,11700000.0,1900000.0,362800.0,2800.0,415.0
386,dennysumargoreal,DENNY SUMARGO,3800000.0,4200000.0,217600.0,1600.0,832.0
387,barak.ff,Barak.ff,234000.0,1600000.0,178900.0,5200.0,2400.0
388,thelandofboggs,The Land Of Boggs,6000000.0,2500000.0,350900.0,518.0,2000.0
389,isramy,Ramy Chaaban,3800000.0,2200000.0,314400.0,1500.0,1600.0
390,agilmarferreira,Agilmar Ferreira,1600000.0,3000000.0,225100.0,627.0,2600.0
391,rauwalejandro,rauwalejandro,12700000.0,4300000.0,215200.0,1000.0,1300.0
392,t_400,Ø¬ÙˆÙ‚ÙŠğŸ’š,4200000.0,2100000.0,212000.0,2900.0,1900.0
393,sarbeeston,Sarah Beeston,4200000.0,3100000.0,316000.0,1600.0,541.0
394,herranwalt,Herr Anwalt,6000000.0,1900000.0,262400.0,2000.0,2300.0
395,2ndshuichiro,2nd ä¿®ä¸€æœ—,376400.0,4000000.0,126800.0,922.0,3300.0
396,elbernas321,BernaVeo2010,2500000.0,1100000.0,121700.0,471.0,15400.0
397,lisefalfio,Lisef Alfio,2000000.0,2300000.0,217300.0,847.0,3400.0
398,strangehuman,nova,11400000.0,2300000.0,322200.0,1400.0,1500.0
399,yurilamasbella,Yuri Lamasbella,2800000.0,1700000.0,191600.0,2700.0,3800.0
400,darrellthorne,Thornedarrell,911000.0,2300000.0,254100.0,1300.0,2300.0
401,farhanrn__,FARHAN,5900000.0,2400000.0,331800.0,1500.0,1100.0
402,self.videos,self.videos,723300.0,3700000.0,472700.0,694.0,488.0
403,cindy.or1,cindy.or,132500.0,1700000.0,416100.0,1200.0,1700.0
404,iniganta,Ganta ğŸ®,1700000.0,2300000.0,195500.0,3000.0,1600.0
405,morganpresleyxo,Morgan Presley,5500000.0,2400000.0,389600.0,744.0,1400.0
406,johaanzu,JohaanZu,4400000.0,2500000.0,319600.0,1300.0,1200.0
407,minami.0819,ğŸ¦„ğŸ’™MINAMIğŸ’™ğŸ¦„,1800000.0,1200000.0,161900.0,8800.0,1600.0
408,thebandmcmillan,The Band McMillan,896900.0,2500000.0,212600.0,1700.0,2100.0
409,lee.cuong,Lee CÆ°á»ng,1200000.0,3900000.0,151300.0,1900.0,1500.0
410,cesarpantoja.n,Cesar Pantoja,15200000.0,3500000.0,391500.0,1200.0,266.0
411,zachlanebryan,Zach Bryan,1300000.0,958400.0,212800.0,2400.0,7300.0
412,mattchessco,Matt Chessco,2700000.0,15000000.0,151300.0,656.0,213.0
413,losariasbrothers,Los Arias,1600000.0,1800000.0,261000.0,637.0,3700.0
414,karna.val,ğŸ€ĞšĞĞ ĞĞĞ’ĞĞ›ğŸ€,24800000.0,2000000.0,196400.0,3100.0,2000.0
415,jdiasss_,JoÃ£o Dias,8200000.0,1700000.0,382300.0,1800.0,1200.0
416,realfunnymarco,FunnyMarco,1800000.0,1200000.0,154000.0,2500.0,7800.0
417,pierson,Pierson,14200000.0,2700000.0,331300.0,1900.0,211.0
418,jonata_26,Jonata,6900000.0,2400000.0,354000.0,663.0,1600.0
419,isaiahgarza,Isaiah Garza,8000000.0,1700000.0,269200.0,2800.0,1400.0
420,kessel_nathan_official,Nathan Kessel,9100000.0,2600000.0,169600.0,758.0,3600.0
421,soy_marcela4,Soy_marcela,5400000.0,1700000.0,295500.0,722.0,3000.0
422,fedevigevani,Fede Vigevani,15400000.0,2200000.0,284000.0,2500.0,491.0
423,chourouk.model_official,Chourouk_model_official,6000000.0,4000000.0,207400.0,760.0,1500.0
424,thecoreyb,Corey B,9000000.0,1200000.0,174600.0,977.0,8000.0
425,artistadasencasa,artistadas en casa,6200000.0,5100000.0,294400.0,450.0,783.0
426,isandrep,andreina perdomo,4300000.0,6200000.0,233200.0,918.0,362.0
427,sabrinacarpenter,Sabrina Carpenter,13300000.0,1600000.0,386300.0,2200.0,843.0
428,dina_kalanta,Dina_Kalanta,3900000.0,3800000.0,196100.0,1600.0,821.0
429,brittikitty,Brittany & Lily,15000000.0,2400000.0,326700.0,1300.0,1000.0
430,nelkboys,NELKBOYS,4300000.0,2200000.0,168100.0,1600.0,3300.0
431,ailaughatmyownjokes,"it's a me, Silvia :)",2500000.0,1400000.0,254400.0,1300.0,3800.0
432,kpifthatscool,KP Parker,293100.0,1400000.0,277100.0,3100.0,1400.0
433,miguelmartinezoficial,MiguelMartinez,2100000.0,3200000.0,131500.0,517.0,3700.0
434,vidhia_r,ğŸ‡Vidhi_RğŸ‡,7700000.0,1400000.0,163400.0,5300.0,2800.0
435,shayvise,Shayvise,4300000.0,2400000.0,366700.0,1700.0,269.0
436,christiaancaarrasco,christianâœŒğŸ¼,11000.0,1200000.0,153900.0,770.0,8700.0
437,jessie.shen,Jessie,6800000.0,2700000.0,338600.0,1300.0,686.0
438,andydesu,Andy Watabe,622900.0,2600000.0,301200.0,1200.0,1100.0
439,jahkhalib,Jah Khalib,857400.0,1800000.0,249500.0,957.0,3000.0
440,meghantrainor,Meghan Trainor,16100000.0,3800000.0,272300.0,1200.0,477.0
441,leozitorocha1,Leozito Rocha,1700000.0,1200000.0,121700.0,2000.0,9800.0
442,bequietjoe,joe hegyes,121500.0,2900000.0,269300.0,906.0,1300.0
443,fatkitchens,Fatkitchens,27600.0,2800000.0,149400.0,530.0,3600.0
444,annecurtissmith,Anne Curtis,1800000.0,2100000.0,368100.0,1200.0,1000.0
445,theshabakitchen,The Shaba Kitchen,2500000.0,1800000.0,153500.0,2400.0,3800.0
446,dafnnejm,dafnne â˜»,5000000.0,2600000.0,520100.0,812.0,473.0
447,namemnjtv12,MNJ TV(à¸•à¸±à¸§à¸ˆà¸£à¸´à¸‡),7600000.0,3300000.0,285600.0,1500.0,346.0
448,kingbach,KingBach,27700000.0,2100000.0,316500.0,673.0,1900.0
449,bradtheboxer,Just brad,2500000.0,2400000.0,147800.0,1600.0,3300.0
450,slick.stevie,Steve,3300000.0,1700000.0,243700.0,442.0,3600.0
451,lexbra,Lexbra.yt,768600.0,5800000.0,329100.0,700.0,176.0
452,imarayulloa1,Tik Toker,4900000.0,1700000.0,125000.0,1500.0,6600.0
453,miguelito_peru,Miguel Alessandro,2700000.0,1900000.0,156400.0,953.0,4600.0
454,cv.wo,Ù…Ø­Ù…Ø¯ Ø§Ù„Ø£Ù…ÙŠØ±,608800.0,2000000.0,116800.0,3300.0,3800.0
455,thinhung99,Thá»‹ Nhung,6500000.0,1700000.0,189700.0,4800.0,373.0
456,ltripping,ltripping,62200.0,2200000.0,229200.0,1200.0,2100.0
457,jose_arrt,JosÃ©,2300000.0,3800000.0,149100.0,2400.0,518.0
458,chefschwarz,Chefschwarz,4700000.0,1800000.0,217600.0,1700.0,2400.0
459,mamalindy,Lindy and Jlo,14000000.0,3300000.0,243800.0,1100.0,880.0
460,nessaabarrett,Ness,19800000.0,2600000.0,257400.0,1200.0,1300.0
461,keisyaleprongka,keisya levronka,602100.0,6000000.0,161700.0,534.0,1100.0
462,carolcastromx,Carol Castro,13500000.0,3800000.0,368100.0,856.0,295.0
463,mikaylanogueira,Mikayla Nogueira,13800000.0,2400000.0,278300.0,1900.0,498.0
464,hesfinatia,PINATğŸ…|| IG: @hesfinatia,9600000.0,4100000.0,361300.0,819.0,264.0
465,spriteder_spd,Prite Netijen Netirattanapaiboon,5300000.0,4200000.0,416700.0,666.0,258.0
466,ms.mawma,CERTIFIED LEOO,611400.0,1100000.0,297500.0,2600.0,2300.0
467,daz_black,daz_black,7700000.0,1400000.0,272400.0,2000.0,2100.0
468,nathaliavalente,Nathalia,15100000.0,2700000.0,344400.0,1300.0,436.0
469,hoaa.hanassii,ÄÃ o LÃª PhÆ°Æ¡ng Hoa,13200000.0,2900000.0,250200.0,1400.0,807.0
470,cznburak,cznburak,66300000.0,3200000.0,205100.0,1700.0,681.0
471,priv_mav,MAV ğŸ¦¦,8100000.0,2700000.0,290800.0,588.0,1400.0
472,christophersturniolo,Christopher Sturniolo,4000000.0,1500000.0,243400.0,2800.0,1400.0
473,jimena.jimenezr,Jimena,25700000.0,2300000.0,353500.0,900.0,1000.0
474,duolingo,Duolingo,5300000.0,1200000.0,186900.0,5800.0,1200.0
475,mariolcalderon,Mario Calderon,2300000.0,731200.0,169900.0,2600.0,9900.0
476,davidyrodriguez,That French Guy,8300000.0,1800000.0,352800.0,1700.0,771.0
477,sharky,Sharky ğŸ¦ˆ,1100000.0,1700000.0,294900.0,2000.0,1200.0
478,manja_faiez,Manja,1300000.0,1800000.0,218000.0,2100.0,2000.0
479,justicia_y_verdad,justicia y verdad,43500.0,1900000.0,76100.0,1600.0,9000.0
480,nhuchuu0909,NhÆ° Chuu ğŸ€,1800000.0,5500000.0,327900.0,643.0,200.0
481,logfive,Logan,2800000.0,2000000.0,195200.0,1400.0,2600.0
482,drewafualo,Drew Afualo,7800000.0,1700000.0,261700.0,3100.0,391.0
483,williamlast_krm,William Last KRM,9000000.0,2100000.0,174100.0,2500.0,1600.0
484,datdo0803,Äá»— Äáº¡t,7700000.0,3200000.0,298200.0,1100.0,437.0
485,luis_sal,Luis,593300.0,1400000.0,211200.0,1500.0,3600.0
486,realjohnmaggi,John Maggi,1000000.0,1100000.0,240900.0,2400.0,3200.0
487,mammybanter,Mammy Banter,1800000.0,1100000.0,126800.0,1500.0,9600.0
488,lorrayneoliveiraofc,Lorrayne Oliveira,6200000.0,2000000.0,245300.0,2700.0,248.0
489,ben,ben,5200000.0,3600000.0,271000.0,1000.0,460.0
490,abbieherbert,AbbieHerbert,14400000.0,3600000.0,406000.0,698.0,301.0
491,jadethirlwall,Jade Thirlwall,2000000.0,2000000.0,243400.0,2400.0,646.0
492,thewizardliz,Thewizardliz,2300000.0,2000000.0,335400.0,679.0,1500.0
493,braclya,Brady Arthur,646800.0,1700000.0,186100.0,2100.0,2500.0
494,giannis_an34,Giannis Antetokounmpo,3900000.0,2300000.0,380100.0,960.0,698.0
495,landonbarkerr,Landon Barker,4400000.0,2400000.0,365200.0,1200.0,438.0
496,unlabeled_,Paula ğŸ„,1400000.0,2400000.0,399900.0,923.0,577.0
497,bryansant_,Bryan Sant,2100000.0,1300000.0,250900.0,1500.0,3100.0
498,equipedefrance,Equipe de France,9000000.0,2700000.0,252900.0,1200.0,918.0
499,morgandrinkscoffee,Morgan Eckroth,5800000.0,2700000.0,523000.0,612.0,385.0
500,notorious_foodie,Notorious Foodie,2900000.0,2100000.0,165600.0,763.0,3300.0
501,ayanakamachi,ä¸­ç”ºç¶¾,1500000.0,3000000.0,230400.0,1100.0,897.0
502,katiessigmond,katie sigmond,7000000.0,2300000.0,330600.0,967.0,863.0
503,missdouaa.officiel,missdouaa,9700000.0,2500000.0,186500.0,1500.0,1400.0
504,kenti.best.boi,kenti ğŸ¸,1300000.0,1300000.0,263900.0,1900.0,2100.0
505,gensho_yasuda,å®‰ç”°ç¾è±¡ğŸ§¬ã‚¯ãƒ©ãƒ•ã‚¡ãƒ³ä¸­ï¼,2500000.0,2400000.0,315100.0,775.0,1100.0
506,matt_mathews,Matt Mathews,2900000.0,1200000.0,163800.0,3400.0,3600.0
507,guavajuice,guava,7100000.0,3400000.0,269000.0,1300.0,180.0
508,im_rawan0,Ø±ÙˆØ§Ù†|Rawan,3100000.0,2900000.0,168800.0,2200.0,681.0
509,mariavaniamv,Maria Vania,5400000.0,3700000.0,144500.0,1200.0,1300.0
510,isaach.p,Isaac H.P,3500000.0,970100.0,162600.0,7300.0,1400.0
511,samhurley,SAMHURLEYğŸŒŠ,3600000.0,1200000.0,277000.0,2200.0,1800.0
512,keemokazi,KEEMOKAZI,31800000.0,3300000.0,306200.0,1000.0,322.0
513,argento_oficial,Argento Oficial,88900.0,1300000.0,140000.0,1300.0,6100.0
514,chikakiku,ğŸ–¤ğŸ™†ğŸ»â€â™€ï¸âœ¨ğŸ§šğŸ»,8600000.0,4500000.0,230000.0,536.0,759.0
515,karenbarreraoficial,Karen Barrera,16700000.0,2700000.0,329000.0,360.0,1100.0
516,omgitsmiahhhhh,miah :),76900.0,1000000.0,272300.0,3500.0,1400.0
517,realnikocadoavocado,Nikocado Avocado,2000000.0,1800000.0,103500.0,3600.0,3700.0
518,fayneee,Unaverage Student,3100000.0,2400000.0,193100.0,2300.0,599.0
519,joe.bartolozzi,Joe Bartolozzi,21000000.0,1800000.0,301600.0,1900.0,492.0
520,adrian.uribe,AdrianUribe,4100000.0,1400000.0,187700.0,1700.0,3300.0
521,abo.zizo,Û©â™¥Û© Ø¹Ø§Ø¦Ù„Ø© Ø§Ø¨Ùˆ Ø²ÙŠØ²Ùˆ Û©â™¥Û©,6000000.0,3500000.0,174100.0,843.0,1300.0
522,oldtimehawkey,Old Time Hawkey,6700000.0,1400000.0,207400.0,2100.0,2400.0
523,maiaknight,Maia Knight,8800000.0,2700000.0,485700.0,700.0,301.0
524,incorrectlyroce,Roce OrdoÃ±ez,9200000.0,2400000.0,385700.0,779.0,634.0
525,manhtienkhoi_,Máº¡nh Tiáº¿n KhÃ´i ğŸ¯,5300000.0,2100000.0,170100.0,2500.0,1100.0
526,vhackerr,Vinnie,15200000.0,1600000.0,263300.0,2200.0,856.0
527,olivertree,Oliver Tree,14500000.0,2900000.0,253600.0,1200.0,568.0
528,cravityofficial,CRAVITY,1800000.0,1300000.0,262600.0,2300.0,1600.0
529,millyshaparoni,Milly Shapiro,466700.0,3100000.0,444300.0,646.0,282.0
530,fionntime,FionnTime,2700000.0,1700000.0,287900.0,1400.0,1300.0
531,tarynbeeman,Taryn Beeman,62200.0,1400000.0,263700.0,1100.0,2300.0
532,yurielkysojeda,Yurielkys Ojeda ğŸ•·,15700000.0,1700000.0,246300.0,967.0,2000.0
533,caseysimpson,Casey Simpsonâœ¨,10100000.0,1700000.0,379000.0,1100.0,938.0
534,anggun_supriadi91,anggunâœ¨,19400000.0,5500000.0,143800.0,969.0,628.0
535,babyziela,puteriakie33,1100000.0,1600000.0,65000.0,7600.0,4800.0
536,tai.tl2,tai_tl,1100000.0,1000000.0,201400.0,2000.0,4200.0
537,douhalaribiii,Douha laribii,9700000.0,2600000.0,237800.0,1500.0,533.0
538,dan_churchill,The Healthy Chef,407100.0,3400000.0,452000.0,654.0,154.0
539,ryanmackmusic,Ryan Mack,1800000.0,1200000.0,163200.0,1100.0,5500.0
540,ivancornejooo,Ivan bruh,1600000.0,902700.0,224700.0,3200.0,2900.0
541,lana_mohd89,ğ‘³ğ‘¨ğ‘µğ‘¨ ğŸ¦‹,6200000.0,2000000.0,138000.0,2100.0,2500.0
542,jujumaoo,Juju,701500.0,2400000.0,254600.0,671.0,1300.0
543,petruskaksurtep,Petruska,1700000.0,2200000.0,300200.0,1000.0,824.0
544,justthenobodys,JustTheNobodys,9200000.0,2700000.0,171800.0,1800.0,847.0
545,andyslife247,Andyâ€™s Life,2200000.0,2500000.0,228700.0,1600.0,537.0
546,fhd.artz,ÙÙ‡Ø¯ Ø¢Ø±Øª || FahadğŸ¨,2400000.0,2500000.0,164500.0,1100.0,1900.0
547,fahryy20,A Fahry,1800000.0,1900000.0,345000.0,1300.0,574.0
548,grandma_droniak,grandma_droniak,6000000.0,1500000.0,218200.0,1400.0,2300.0
549,letskwoowk,KWOOWK with Kevin,3300000.0,1500000.0,175700.0,4000.0,597.0
550,mamatot99,Opie,1700000.0,1200000.0,162900.0,5800.0,622.0
551,deshawnharrisss,Deshawn âœª,2100000.0,1100000.0,190900.0,1400.0,4200.0
552,ryanhdlombard,Ryan Lombard,9800000.0,1900000.0,362800.0,1000.0,723.0
553,nadia,Nadia,3300000.0,2500000.0,172600.0,1700.0,1100.0
554,juliano,juliano,11400000.0,2800000.0,322700.0,772.0,574.0
555,sonrixs_,Sonrixs,15200000.0,3500000.0,358100.0,526.0,410.0
556,pimpiriya1,PIM PIRIYA,1500000.0,2100000.0,411200.0,696.0,654.0
557,nada_m7amed,Ø¯ÙˆØ¯Ø§ğŸ¦¹ğŸ»ğŸ¤,6600000.0,2300000.0,215800.0,928.0,1400.0
558,zainah.mb,Zainah & Minnie,2100000.0,1000000.0,241300.0,996.0,3800.0
559,rl.carbona,rl carbona,1300000.0,1700000.0,257300.0,1500.0,1100.0
560,msshiandmrhe,Ms Shi & Mr He,3900000.0,2500000.0,278100.0,924.0,719.0
561,yunggravy,Yung Gravy ğŸ¯,7000000.0,1800000.0,313100.0,925.0,1100.0
562,kaylamalecc,kayla,9700000.0,1900000.0,297700.0,1800.0,155.0
563,twinny__girls,Prisma_PrincyğŸ‘­,7300000.0,1900000.0,181700.0,2500.0,677.0
564,beca,beca,27500000.0,2300000.0,237200.0,1400.0,635.0
565,danivallem,Dani Valle,5400000.0,1100000.0,79500.0,589.0,12100.0
566,taylorrandsoph,TAYLOR & SOPHIA,3900000.0,1800000.0,266600.0,827.0,1500.0
567,analuciadominguezactriz,Analuciadominguez,3400000.0,1800000.0,136000.0,428.0,4200.0
568,thaycouuto,Thay Couto,4200000.0,1800000.0,344800.0,923.0,832.0
569,otakoyakisoba,otakoyakisoba,16000000.0,2000000.0,181600.0,676.0,2300.0
570,aurikatariina,á´€á´œÊ€Éª âœ¨,8100000.0,3400000.0,266600.0,474.0,722.0
571,krizzsolano,Krizz Solano,90000.0,1100000.0,194500.0,339.0,4700.0
572,qpark,Q Park,34600000.0,2700000.0,183300.0,1000.0,1200.0
573,hiib531,Ù‡Ø¨Ø© Ø§Ù„ÙŠÙˆÙØ³Ù,1000000.0,5200000.0,104800.0,1100.0,909.0
574,dilanjaniyar_2,Emang Dilan namanya,2700000.0,2100000.0,229900.0,1500.0,688.0
575,h2woofficial,H2WO,5000000.0,3100000.0,275600.0,641.0,636.0
576,xibibrothers,Xibi Brothers,8900000.0,2900000.0,247300.0,705.0,786.0
577,khairulaming,Khairulaming,2300000.0,1900000.0,182700.0,1400.0,1700.0
578,jennialarcon_,Jenni Alarcon,4000000.0,1900000.0,368000.0,978.0,536.0
579,thepsh8,Psh8,1100000.0,1300000.0,241300.0,1600.0,1700.0
580,topperguild,Topper Guild,30400000.0,3200000.0,165700.0,1800.0,209.0
581,maluborgesm,MALU BORGES,3700000.0,1200000.0,214200.0,3300.0,775.0
582,kunaguero,Sergio AguÌˆero,8500000.0,2600000.0,258000.0,1100.0,499.0
583,sanzone,Michael Sanzone,3200000.0,2500000.0,382000.0,434.0,659.0
584,lauralove5514,LauraLove,7800000.0,1900000.0,315300.0,1400.0,417.0
585,www.luluca,luluca ğŸ’—,2900000.0,1200000.0,121500.0,5200.0,1900.0
586,philiptanasas,philiptanasas,9500000.0,3100000.0,266100.0,815.0,441.0
587,cemresolmaz,cemre solmaz,10500000.0,2100000.0,123600.0,2900.0,1100.0
588,trevorwallace,trevor wallace,9300000.0,1300000.0,242100.0,709.0,2600.0
589,tavi_castro,Tavi Castro,308400.0,1900000.0,219400.0,1100.0,1400.0
590,jakekrantz,Jake Krantz,2500000.0,1100000.0,187200.0,687.0,4200.0
591,rodigarrido,Rodi Garrido,2000000.0,2200000.0,114700.0,469.0,3600.0
592,noholito,Noholito,5600000.0,1800000.0,240600.0,1300.0,1100.0
593,yasincengiz38,YasinCengiz,4100000.0,2100000.0,112800.0,1400.0,2900.0
594,carenalegria,Caren y Coco â™¥ï¸,3000000.0,2100000.0,139700.0,2400.0,1100.0
595,dobretwins,Lucas and Marcus,37100000.0,2800000.0,227500.0,1200.0,406.0
596,nazormaya,Maya Nazor,6300000.0,3600000.0,271000.0,837.0,206.0
597,karenkardasha,Karenkardasha,2100000.0,1400000.0,121000.0,3700.0,2400.0
598,pedroarcafra,PEDRO ARCAFRA,3100000.0,930900.0,67500.0,1400.0,14800.0
599,brilionaire,Bang Bioâœ¨,4800000.0,1500000.0,209700.0,684.0,2500.0
600,com.yamato0515,ã€ã‚³ãƒ ãƒ‰ãƒƒãƒˆã€‘ã‚„ã¾ã¨,1900000.0,1300000.0,158700.0,3600.0,1300.0
601,ryan.maxwell22,Ryan Maxwell,3100000.0,1400000.0,200100.0,510.0,3100.0
602,tuckot,tuck,2800000.0,892700.0,140200.0,1000.0,7000.0
603,kanwal.135,KanwalayğŸ¶,17100000.0,2700000.0,249900.0,978.0,503.0
604,darklightcr,Dark Light,2100000.0,2400000.0,114100.0,899.0,2800.0
605,vienhz,á´á´‡ÊŸá´ ÉªÉ´Êœá´€êœ±á´€É´â˜¯,29800.0,2400000.0,222700.0,990.0,856.0
606,bessan_esmail,Ø¨ÙŠØ³Ø§Ù† Ø§Ø³Ù…Ø§Ø¹ÙŠÙ„ - Bessan Ismail,12100000.0,2300000.0,137800.0,1900.0,1200.0
607,wigofellas,wigofellas,35000000.0,2900000.0,172100.0,920.0,1100.0
608,victormelo,Victor Melo,22900000.0,1700000.0,260100.0,1000.0,1200.0
609,abo_qamae,Ø§Ø¨Ùˆ Ù‚Ù…Ø§Ø¹ğŸ™‚â¤ï¸,2200000.0,2000000.0,177600.0,1600.0,1200.0
610,junpei.zaki,junpei zaki,15200000.0,924900.0,73000.0,14300.0,87.0
611,connorprice__,Connor Price,3700000.0,2000000.0,240800.0,1200.0,811.0
612,chris,Chris Olsen,9300000.0,2300000.0,333100.0,816.0,441.0
613,sidetalknyc,Sidetalk,4400000.0,1200000.0,190300.0,476.0,3700.0
614,boywithuke,boywithuke,6800000.0,1400000.0,310500.0,1900.0,343.0
615,n.vv3,Ù†Ø§ØµØ± || ğŸ‡¸ğŸ‡¦ alsubaie,5100000.0,1800000.0,106500.0,3000.0,2000.0
616,siganviendo59,jeancarlo MTB,11200000.0,2400000.0,187900.0,1300.0,856.0
617,forrestsautoreviews,Forrest Jones,5600000.0,1400000.0,194400.0,1200.0,2300.0
618,althea420,ALTHEAğŸ˜ˆ,2000000.0,1400000.0,109700.0,4100.0,2100.0
619,itsjaylaaw,ğŸ–¤ğŸ–¤ğŸ–¤,3100000.0,1300000.0,233000.0,2200.0,945.0
620,camidelossan,Cami de los Santos,381800.0,1600000.0,179500.0,805.0,2500.0
621,t0edirt,Lindsey,161300.0,1100000.0,260700.0,365.0,2900.0
622,liam_cast.oficial,Liam Tha Lion,3600000.0,1600000.0,273100.0,562.0,1600.0
623,sittnaing20,Sitt Naing,638200.0,2700000.0,237500.0,976.0,494.0
624,emmanuelmacron,Emmanuel Macron,3500000.0,1400000.0,119000.0,5000.0,802.0
625,1_alkaisr_1,ğŸ”±ğŸŒ¹Ø§Ù„Ù‚ÙŠØµØ±ğŸŒ¹ğŸ”±,12800000.0,2000000.0,175700.0,816.0,1800.0
626,mateuspesce,Mateus pesce,7600000.0,1400000.0,172000.0,1200.0,2800.0
627,ecrinsucoban,Ecrin su Ã§oban,1400000.0,2200000.0,137600.0,2400.0,612.0
628,binochemtienganh,Bino chÃ©m tiáº¿ng Anh,685900.0,2100000.0,150600.0,2600.0,331.0
629,danielarodrice,Daniela Rodrice,11200000.0,2200000.0,384400.0,724.0,372.0
630,burnaboyofficial,Burna Boy,2800000.0,1600000.0,184100.0,1600.0,1500.0
631,d3zmachado,GGğŸŒŸ,1200000.0,1700000.0,281600.0,1400.0,465.0
632,noeselmismo,NoÃ©,1300000.0,1000000.0,147500.0,1100.0,4800.0
633,aemilst,ems,1800000.0,1900000.0,214600.0,1200.0,1000.0
634,padillamarilis,padillamarilis,1000000.0,2400000.0,131900.0,1200.0,1600.0
635,fidias0,Fidias,1100000.0,2700000.0,306400.0,1000.0,78.0
636,gemelasortega,Gemelas Ortega,19400000.0,3800000.0,340600.0,396.0,290.0
637,philipdefranco,Philip DeFranco,2300000.0,1500000.0,166700.0,2700.0,851.0
638,elrodcontreras,RODğŸ« ,42200000.0,2300000.0,269700.0,1200.0,232.0
639,londokampung.official,Londokampung,806000.0,4300000.0,249100.0,560.0,270.0
640,karinateixeeira,Karina Teixeira,1900000.0,1400000.0,190000.0,2200.0,1200.0
641,lamvlog,LÃ¢m Vlog,1500000.0,2400000.0,207200.0,1500.0,264.0
642,ironwanda,jayden,226200.0,1800000.0,288600.0,1100.0,581.0
643,lewiscapaldi,Lewis Capaldi,4200000.0,1700000.0,199300.0,1100.0,1500.0
644,lizzza,Liza Koshy,30300000.0,1600000.0,357800.0,783.0,733.0
645,crisdevilgamer7,CrisDevilGamer,5100000.0,3100000.0,195900.0,1200.0,264.0
646,ritaspam15,ritaspam15,1800000.0,2000000.0,429500.0,264.0,723.0
647,anas_fikry,Anas fikry,12400000.0,2400000.0,143900.0,1100.0,1400.0
648,tariqjamilofcl,Tariq Jamil,2900000.0,985900.0,150100.0,646.0,5200.0
649,dannygrubs,Danny Kim,4000000.0,2700000.0,314000.0,654.0,364.0
650,jayrscottyy,Jay,3100000.0,924000.0,226800.0,1900.0,2200.0
651,nardwuar,Nardwuar,5000000.0,1400000.0,316300.0,1500.0,483.0
652,doombreaker03,DOOMBREAKER,387700.0,1100000.0,148000.0,1200.0,4100.0
653,thehypehouse,The Hype House,21300000.0,2200000.0,339600.0,831.0,340.0
654,kimandnorth,Kim and North,9600000.0,4000000.0,276500.0,0.0,772.0
655,fela.austin,Fela Austin,3400000.0,2400000.0,203100.0,1500.0,247.0
656,kangsoyeon_,ê°•ì†Œì—°,512100.0,1500000.0,202700.0,2300.0,619.0
657,barbaracoura,BÃ¡rbara Coura,10100000.0,1700000.0,246700.0,1200.0,793.0
658,jakethes.d,Jakeâ¤ï¸,825500.0,1800000.0,214800.0,748.0,1400.0
659,fujiiian,Fujiiian,16900000.0,2600000.0,237000.0,800.0,597.0
660,hyunggiii,âœ¨,46600.0,952700.0,226300.0,1100.0,2800.0
661,ehbeefamily,Eh Bee Family,11800000.0,1500000.0,284500.0,1500.0,476.0
662,theovon,Theo Von,3300000.0,1400000.0,176100.0,1500.0,1900.0
663,sturniolo.triplets,Sturnioloâ€™s,5100000.0,1300000.0,259000.0,1900.0,615.0
664,eebruu____,eebruu__,2900000.0,2500000.0,231300.0,530.0,916.0
665,alpha.pookie,Paul Karpov,676700.0,1000000.0,154800.0,3400.0,2000.0
666,na_rouch,ëˆ„í•˜ì¼ë¼,156300.0,2800000.0,196800.0,936.0,596.0
667,terjiah_loui,terjiah_loui,2600000.0,788600.0,194600.0,1200.0,4300.0
668,emilyfauver,emily&ella,4000000.0,2000000.0,324400.0,390.0,894.0
669,ekosaputra20,Eko Saputra,8600000.0,2900000.0,215900.0,930.0,398.0
670,riaricis,Ria Ricis,30200000.0,2200000.0,251000.0,851.0,651.0
671,imlucastho,ImLucasTho,339600.0,1300000.0,224300.0,742.0,2100.0
672,japanfriends,Japan and friends,2500000.0,2200000.0,246900.0,427.0,1100.0
673,benjikrol,Benji Krol,32900000.0,1400000.0,206000.0,2500.0,318.0
674,firefighterfenton,Firefighter Fenton,404300.0,665900.0,82000.0,1100.0,13900.0
675,sadieemckennaa,sadie,1500000.0,2300000.0,271700.0,419.0,890.0
676,vida.perruna,Vida Perruna,2700000.0,2000000.0,209500.0,778.0,1200.0
677,shailasabt,Shailasabt,606600.0,1400000.0,23200.0,0.0,25000.0
678,jindaouis,Louisa Jindaoui,2500000.0,2000000.0,254200.0,733.0,862.0
679,anuel,ANUEL,2700000.0,1400000.0,191700.0,1300.0,1600.0
680,duyyy.real.channel,NgÃ´ Äá»©c Duy,5600000.0,2800000.0,214600.0,839.0,532.0
681,itsceceh,Casey,6700000.0,2400000.0,247600.0,729.0,626.0
682,adamrayokay,ADAMRAY,7200000.0,1800000.0,216300.0,1100.0,973.0
683,chengkhen2k2,ChengğŸ¦,4000000.0,2500000.0,218400.0,630.0,837.0
684,bryan_sanchez___,bryan_sanchezzz,740500.0,1500000.0,195700.0,321.0,2400.0
685,byefarzy,Farzy,1900000.0,1400000.0,203700.0,1600.0,1300.0
686,rug,FaZe Rug,9700000.0,2100000.0,202800.0,1600.0,245.0
687,kingrolluss,Rolls,916700.0,1700000.0,180800.0,481.0,2200.0
688,turmadavalzinhaoficial,Turma da Valzinha âœ¨,9600000.0,1400000.0,146500.0,1300.0,2500.0
689,thejoeyswoll,Joey Swoll,6000000.0,1600000.0,256600.0,1600.0,285.0
690,mariah_amato,Mariah Amato,2300000.0,1300000.0,218700.0,784.0,2100.0
691,alex.boychuck,alex,742400.0,1500000.0,97500.0,2500.0,2900.0
692,shira_flame,â˜ï¸Sweet B. Girlâ˜ï¸,408200.0,935700.0,206800.0,1300.0,2800.0
693,jayfujiwara,English with Jay,2100000.0,2800000.0,183300.0,670.0,865.0
694,rucenuenda1,Ruce Nuenda,2800000.0,2300000.0,334300.0,743.0,302.0
695,agustinlocutor,agustinlocutor,2000000.0,915900.0,123800.0,827.0,6100.0
696,ne_4_,Ù†ÙŠÙ Ø§Ù„Ø³ÙŠØ¯,3500000.0,1600000.0,111500.0,3300.0,1300.0
697,gingerbilly1,Ginger Billy,6500000.0,977600.0,106000.0,695.0,6800.0
698,millane,millane,6200000.0,2200000.0,381700.0,519.0,396.0
699,sorrisoda2,SorrisoğŸŒ,555600.0,1200000.0,128400.0,963.0,4100.0
700,cinetimmy,sophia <3,14500.0,866200.0,243300.0,1800.0,1800.0
701,brunoliima019,Bruno Lima,7500000.0,2300000.0,239500.0,447.0,937.0
702,itspierreboo,Pierre,13200000.0,2200000.0,249400.0,856.0,530.0
703,tonylopez,Tony Lopez,23200000.0,1800000.0,202300.0,1600.0,510.0
704,steven_he,Steven He,6000000.0,1400000.0,248800.0,469.0,1700.0
705,cellat36,cellat36,8600000.0,1900000.0,97200.0,2400.0,1700.0
706,shahdzn,Shahd Naser,1800000.0,2300000.0,142800.0,702.0,1600.0
707,celinaspookyboo,CelinaSpookyBoo,26500000.0,2800000.0,178900.0,628.0,870.0
708,patec_wariatec,Patec_Wariatec,1200000.0,1300000.0,178200.0,842.0,2400.0
709,esen_alva,Esen,6000000.0,1600000.0,253200.0,734.0,1100.0
710,dindahw14,Dinda Hauw,4200000.0,2700000.0,168600.0,653.0,991.0
711,narins.beauty_,Narins Beauty,3300000.0,3200000.0,129600.0,1100.0,713.0
712,gakbakaljoget,TRETAN MUSLIM,228700.0,1900000.0,156300.0,1700.0,820.0
713,duolingobrasil,Duolingo Brasil ğŸ‡§ğŸ‡·,1600000.0,902200.0,130300.0,5400.0,929.0
714,matheusyurley,Matheus Yurley,8700000.0,2900000.0,260100.0,600.0,383.0
715,sebasmorenooo,Sebastian Moreno ğŸ“¸,6100000.0,1700000.0,188600.0,1500.0,791.0
716,songdoohee_444,à¸‹à¸­à¸‡ à¸”à¸¹à¸®à¸µ (à¸Šà¹ˆà¸­à¸‡à¸«à¸¥à¸±à¸),4400000.0,2300000.0,195500.0,1300.0,295.0
717,ratuauliaa22,ratuauliatp,13400000.0,2200000.0,237200.0,784.0,622.0
718,dermdoctor,DermDoctor | Dr. Shah,17400000.0,4000000.0,164200.0,623.0,507.0
719,fueyruss,Fueyruss,4900000.0,3300000.0,238800.0,725.0,204.0
720,bonecao,bonecÃ£o,1700000.0,1600000.0,195000.0,673.0,1700.0
721,saraisthreads,Sarai Marie,2200000.0,1100000.0,205300.0,1100.0,2200.0
722,vivi,Vivi,13400000.0,1900000.0,232700.0,1200.0,432.0
723,nlechoppamusic,NLE choppa,13800000.0,2100000.0,182000.0,1300.0,550.0
724,ali.samir11,Ø¹Ù„ÙŠ Ø³Ù…ÙŠØ±,2700000.0,1500000.0,181400.0,2100.0,586.0
725,fardows4,fardowsğŸ’ƒğŸ½,2500000.0,1100000.0,182500.0,2700.0,840.0
726,lilyxgarcia,Lily Garcia,13600000.0,1800000.0,308400.0,582.0,711.0
727,drphil,Dr. Phil,7600000.0,10100000.0,53600.0,778.0,546.0
728,marquis.culton,Marquis Culton,712300.0,2100000.0,343700.0,754.0,239.0
729,chris_thememegod,Chris Tyson,9500000.0,1600000.0,189900.0,2200.0,160.0
730,abbduuu21,Ø¨ÙˆØ´Ù†Ø¨â­ï¸,14500000.0,2300000.0,174300.0,939.0,841.0
731,itssassagurl,Sassa Gurl,7100000.0,1600000.0,221900.0,1100.0,888.0
732,allan_jeon,Allan Jeon,6300000.0,1800000.0,202600.0,1300.0,684.0
733,ujoaozinho,uJoÃ£ozinho ğŸ¤˜ğŸ»,9000000.0,2800000.0,447500.0,273.0,292.0
734,blaucomedy,Michael Blaustein,1900000.0,1500000.0,239400.0,250.0,1700.0
735,djadoni,Djadoni,1500000.0,1700000.0,84600.0,156.0,4700.0
736,thatlittlepuff,ThatLittlePuff,32700000.0,2700000.0,204400.0,534.0,735.0
737,deborahyowa,Deborah yowa,16800000.0,3200000.0,108400.0,1200.0,797.0
738,_nch04,Nguyá»…n Háº£i,4900000.0,3400000.0,179500.0,712.0,432.0
739,tuckerbudzyn,tuckerbudzyn,10700000.0,1700000.0,258200.0,648.0,979.0
740,yonumo,ni â˜†,270800.0,796900.0,219500.0,1600.0,2300.0
741,thehealchef,Harry Heal,3200000.0,1400000.0,181000.0,671.0,2000.0
742,mirceabravo,Mircea Bravo,860700.0,1600000.0,93200.0,454.0,4100.0
743,gzfoodqood,Foodqood by Giallozafferano,19200000.0,2500000.0,69500.0,626.0,3300.0
744,mas_nizar,IG: nizar_abzhr31,7200000.0,1800000.0,254600.0,1200.0,343.0
745,alebardo19,Abelardo Bobadilla,5000000.0,1300000.0,131700.0,1300.0,2900.0
746,thanhdoanshop,Thanh ÄoÃ nâœ…,729800.0,2200000.0,101500.0,2600.0,464.0
747,steveioe,Steveioe,11100000.0,1400000.0,257800.0,853.0,1100.0
748,bigtugg,Tucker Lindgren,2300000.0,1100000.0,163900.0,1400.0,2400.0
749,fritzdoesart,fritzdoesart,8700000.0,3100000.0,155500.0,1100.0,305.0
750,shammiltd,Shammi,6400000.0,1900000.0,150000.0,1000.0,1300.0
751,nikicumerlato,Nicole Cumerlato,1100000.0,2500000.0,278700.0,341.0,617.0
752,cristorata7,Cristorata,1600000.0,1800000.0,146600.0,958.0,1600.0
753,melfouad,Melfouad,1700000.0,1300000.0,88700.0,1900.0,3800.0
754,iben_ma,Iben M.A.,10000000.0,1600000.0,114700.0,3400.0,326.0
755,paigetaylor.s,Paige Taylor,5100000.0,1800000.0,316800.0,810.0,354.0
756,mikaelatesta,Mikaela Testa,2200000.0,1500000.0,207400.0,1500.0,730.0
757,jorgito_guayaco_o,Jorge naranjo peÃ±afiel,4500000.0,1300000.0,40800.0,519.0,11900.0
758,saraecheagaray,sara,7500000.0,1900000.0,337700.0,698.0,323.0
759,danielswall,Daniel Wall,1600000.0,1300000.0,250800.0,769.0,1200.0
760,lagranjadelborrego,La granja del borrego,14200000.0,2100000.0,324600.0,718.0,237.0
761,fatcomedy1,FATCOMEDY,1400000.0,1900000.0,49600.0,515.0,6400.0
762,analisseworld,Analisseworld,10600000.0,1700000.0,316700.0,570.0,635.0
763,bp_tiktok,blackpinkofficial,37200000.0,1400000.0,173300.0,2000.0,806.0
764,jaden,Jaden,1800000.0,3500000.0,134600.0,1200.0,193.0
765,aylivaofficial,A Y L I V AğŸ™,873200.0,1300000.0,212100.0,1600.0,739.0
766,doctormiguelpadilla,Doctor Miguel,6500000.0,991400.0,157400.0,1900.0,2200.0
767,tabithaswatosh,Tabs,13100000.0,2100000.0,331500.0,635.0,293.0
768,roportajadam,Mahsun Karaca,1300000.0,2200000.0,107200.0,486.0,2300.0
769,jashlem,Jash,26800000.0,1800000.0,310800.0,729.0,422.0
770,firstnamechris,Chris Punsalan,1400000.0,1600000.0,239900.0,1200.0,461.0
771,federalplumbing,IvÃ¡ndeFederalplumbing,956900.0,2100000.0,136800.0,404.0,1900.0
772,jordanavucetic,jordanavucetic,3200000.0,1500000.0,288700.0,1200.0,320.0
773,rayanfahmi,Rayoon,4000000.0,2000000.0,146300.0,1600.0,557.0
774,dovecameron,Dove Cameron,12400000.0,1500000.0,200200.0,1600.0,502.0
775,lordtrunks,Lord Trunks,4900000.0,1600000.0,195700.0,947.0,1100.0
776,edwinmendozza,ğ–Šğ–‰ğ–œğ–ğ–“,15300000.0,2700000.0,363300.0,405.0,256.0
777,jefripradewa,Jefri Pradewa,246400.0,925000.0,118300.0,1600.0,4200.0
778,mexicocookingclub,Calixto Serna,11700000.0,2300000.0,131100.0,407.0,1700.0
779,jzgarcia,Jz Garcia,2000000.0,996700.0,200800.0,880.0,2300.0
780,jorgitoparrillero,Jorgito Parrillero,1600000.0,1400000.0,72200.0,327.0,5900.0
781,ilaydasherifi,ilaydasherifi,402800.0,1800000.0,271500.0,503.0,801.0
782,its.michhh,Michel Chavez,33700000.0,2000000.0,275600.0,933.0,198.0
783,mndiaye_97,mndiaye_97,15600000.0,1300000.0,236400.0,1000.0,1100.0
784,leanadeeb,Leana Deeb,11600000.0,1800000.0,270600.0,587.0,724.0
785,hyoga.x,Hyoga,614600.0,1500000.0,225100.0,778.0,1100.0
786,jannatmirza,J M ğŸ¥€,21300000.0,1700000.0,166200.0,1800.0,415.0
787,jennychallita,Jennychallita,4600000.0,2300000.0,131700.0,1100.0,926.0
788,caprariu_valentino,V A L E N T I N O,4000000.0,2300000.0,157900.0,1200.0,499.0
789,section_pull_up,Section Pull Up Off,1100000.0,1200000.0,112100.0,2300.0,2300.0
790,itsjojosiwa,JoJo Siwa,44200000.0,2700000.0,202700.0,915.0,207.0
791,naenano,ãªãˆãªã®ğŸŒ¨,3700000.0,2000000.0,166000.0,1200.0,722.0
792,gabrielabee,GABRIELA BEE,10000000.0,1000000.0,238400.0,2100.0,485.0
793,ayanakamura,Aya Nakamura,1700000.0,1300000.0,196000.0,1600.0,760.0
794,sallyalawady1,Sally Alawady,5300000.0,2600000.0,145600.0,1100.0,515.0
795,yefersoncossio,Yef,14200000.0,2800000.0,266200.0,554.0,253.0
796,teukuryantr,teukuryantr,4400000.0,2100000.0,277200.0,507.0,502.0
797,vietphuongthoa98,Viá»‡t PhÆ°Æ¡ng Thoa,12200000.0,2400000.0,224300.0,801.0,287.0
798,dangthuhaf,Äáº·ng Thu HÃ ,1500000.0,3100000.0,283200.0,400.0,267.0
799,q7cg,Ø§Ø­Ù…Ø¯ Ø§Ù„Ø­Ø±Ø¨ÙŠ,461600.0,1400000.0,69100.0,3200.0,2800.0
800,onlyraisingkingsnyc,Onlyraisingkings,1500000.0,757800.0,90400.0,1500.0,7100.0
801,bungalow_jonathan,Bungalow Jonathan,361600.0,880100.0,50400.0,971.0,12200.0
802,chikn.nuggit,Chikn Nuggit,4900000.0,1100000.0,209400.0,2000.0,579.0
803,yesimresmi1,~YEÅÄ°M,17500000.0,2700000.0,166000.0,874.0,425.0
804,itsaburob,Ahmad Aburob,2400000.0,5800000.0,113900.0,709.0,169.0
805,lasrecetasdesimon,lasrecetasdesimon,5500000.0,1300000.0,130700.0,330.0,3100.0
806,_desyortega_,Ëšâ‚Šâœ©â€§â‚Š d e s â€§â‚ŠËšâœ§,31800.0,1400000.0,203600.0,534.0,1500.0
807,spicyycam_,Spice King,20000000.0,1900000.0,180700.0,1600.0,104.0
808,xxlechuga,Daniel Lechuga,7100000.0,1500000.0,262900.0,1000.0,485.0
809,raonyp,Rao,282100.0,1000000.0,172500.0,1500.0,1900.0
810,cooperkupp,Cooper Kupp,499500.0,1800000.0,206800.0,1300.0,238.0
811,botakteras,Mike,4000000.0,2400000.0,162800.0,1200.0,269.0
812,kristy.sarah,Kristy Sarah,7800000.0,2000000.0,203700.0,528.0,864.0
813,calleypoche,Calle y PochÃ©,5900000.0,1500000.0,225100.0,977.0,748.0
814,ahmed_hosni1,ahmed Hosni ğŸŒâ¤ï¸,4100000.0,564400.0,67600.0,2300.0,12500.0
815,vlad_shevchenko,Ğ’Ğ»Ğ°Ğ´ Ğ¨ĞµĞ²Ñ‡ĞµĞ½ĞºĞ¾,1000000.0,1400000.0,125700.0,350.0,2900.0
816,albert_cancook,albert_cancook,10200000.0,2500000.0,201900.0,702.0,415.0
817,imprestonbradley,KING OF CREAM,3600000.0,1600000.0,212600.0,684.0,971.0
818,ireniusx,ireniusx,6900000.0,1800000.0,262600.0,817.0,371.0
819,politiqueando2.0,politiqueando2.0,43900.0,2300000.0,81100.0,646.0,2400.0
820,artbydemarcusshawn,DemarcusShawn,6400000.0,948100.0,158900.0,1700.0,2000.0
821,itspoli_,paulağŸŒ¸,1600000.0,1500000.0,203800.0,1600.0,308.0
822,mirandaalol,miranda rae,5700000.0,1600000.0,230300.0,1400.0,155.0
823,sbcoko,â€œCOKOâ€,100900.0,903300.0,79300.0,486.0,7300.0
824,lisa_luchetta,Lisa Luchetta,1400000.0,1500000.0,231900.0,614.0,978.0
825,i_am_doshik1,i_am_doshik,20900000.0,1900000.0,205700.0,1000.0,438.0
826,tyshonlawrence,tyshon,18500000.0,1200000.0,176800.0,2100.0,528.0
827,kaykai_ntch,Kaykai,8000000.0,2100000.0,254100.0,876.0,155.0
828,gimmeuraddy,Septianarii,825300.0,2300000.0,150900.0,247.0,1300.0
829,paupelaez_,Êœá´€É´á´‡á´ÉªÊá´€,6800000.0,1800000.0,236300.0,1000.0,263.0
830,theweeknd,The Weeknd,6000000.0,1000000.0,128000.0,1800.0,2500.0
831,realjayllnn,JAYLLNN,5100000.0,1600000.0,146800.0,1600.0,675.0
832,daniaristizabal29,Daniela Aristizabal N,55000.0,935100.0,62700.0,1300.0,8000.0
833,snoopdogg,Snoop Dogg,24800000.0,1000000.0,145800.0,1700.0,2000.0
834,gordeewa__13,gordeewa__13 :>,13800000.0,2300000.0,254700.0,751.0,172.0
835,michou_yt,Michou,7800000.0,1500000.0,210200.0,1500.0,171.0
836,bradley.thor,Thoren Bradley,7300000.0,1700000.0,121500.0,1600.0,922.0
837,yass_ootd,YASS_OOTD,1000000.0,1500000.0,230100.0,1100.0,495.0
838,birisdachapada_off,biris_off,2300000.0,1200000.0,170300.0,1300.0,1300.0
839,taylorfrankiepaul,Taylor Paul,3800000.0,3000000.0,146600.0,884.0,347.0
840,infamous_wu13,Infamous Wu,1200000.0,1700000.0,280000.0,792.0,321.0
841,virginiafonseca,Virginia,35300000.0,2200000.0,188200.0,916.0,356.0
842,katclark86,Kat Clark,3400000.0,1500000.0,253700.0,1200.0,139.0
843,brycehall,Bryce Hall,23000000.0,2300000.0,270800.0,456.0,406.0
844,vinhlion77777,ğŸ’Vinh Lion,5800000.0,2500000.0,107500.0,1800.0,220.0
845,mumeixxx,mumeiâœ–,2800000.0,1800000.0,144200.0,1300.0,720.0
846,jake_murley,Jake Murley,10300.0,832500.0,149400.0,1100.0,3100.0
847,riumbau,Hector Riumbau,2800000.0,1000000.0,138600.0,864.0,2900.0
848,edithxgalvez,Edith Galvez,6200000.0,2800000.0,171700.0,431.0,651.0
849,marcelldegen,Marcelldegen,4100000.0,2000000.0,151600.0,1500.0,247.0
850,decorsnippets,Rue,976900.0,1300000.0,131300.0,696.0,2300.0
851,lehvideira,Lethicia Videira,8500000.0,581600.0,99500.0,2800.0,6200.0
852,blakegray,Blake Gray,9800000.0,1200000.0,192400.0,1400.0,869.0
853,iitsace,PETER ACE ğŸ’œ,2500000.0,1900000.0,168700.0,1200.0,445.0
854,thecordlefamily,Hunter & Devin,3700000.0,1900000.0,255600.0,454.0,607.0
855,campuzanoabelardo,Abelardo Campuzano,4800000.0,844000.0,120700.0,994.0,4000.0
856,sherifkhalid,sherif khalid,10400000.0,1800000.0,156800.0,793.0,1000.0
857,raulbazanm,RAULğŸ¦¦,6100000.0,2500000.0,217900.0,470.0,462.0
858,hadeel.alali,Ø§Ù… Ø³ÙŠÙ om sayf,3300000.0,3100000.0,106900.0,806.0,726.0
859,kikakiim,Kika Kim,33300000.0,1700000.0,187600.0,1200.0,384.0
860,soimah_pancawati,Soimah Pancawati,2400000.0,1300000.0,62300.0,2000.0,4300.0
861,1spdr,Ø¯Ø§Ø±Ùƒ,1700000.0,1400000.0,119100.0,2600.0,434.0
862,jamescharles,James Charles,37600000.0,1900000.0,178400.0,1200.0,290.0
863,thatgoldendog,Candice & Bear,189300.0,981000.0,139100.0,187.0,3500.0
864,anaalvarez,Ana Alvarez,266500.0,1700000.0,155700.0,461.0,1400.0
865,homm9k,Ğ¥ĞĞœĞ¯Ğš,46400000.0,1700000.0,165800.0,1200.0,557.0
866,omar,Omar Raja,3900000.0,2000000.0,252200.0,439.0,562.0
867,stephano_kohel,âš¡ï¸STEPHANOâš¡ï¸,6000000.0,3300000.0,267300.0,324.0,246.0
868,zamirrvillamil,zamu,2600000.0,1300000.0,273000.0,648.0,768.0
869,renpc_,âœ¨Ren PCâœ¨,5200000.0,882400.0,164800.0,656.0,2800.0
870,jolly_good_ginger,El Chismoso,3200000.0,992300.0,115200.0,3100.0,1300.0
871,andreecuadros,Andrea Cuadros,15600000.0,2100000.0,259700.0,586.0,330.0
872,chico_maltipoo,Chico Maltipoo,335700.0,912000.0,116200.0,1600.0,3100.0
873,ddhivaaaa,Adhiva Amalia,2400000.0,2200000.0,145400.0,623.0,930.0
874,noeldeyzel_bodybuilder,Noel DeyzelğŸ‡¿ğŸ‡¦,5900000.0,1400000.0,229100.0,923.0,622.0
875,claragnds,Maria Clara Garcia,19700000.0,1600000.0,171700.0,1200.0,578.0
876,thekatehudson,Kate Hudson,1300000.0,2000000.0,178900.0,1100.0,246.0
877,_raichouuofficial,SHRX â€¢ Raichouu ğŸ‡µğŸ‡­,1400000.0,2200000.0,145200.0,1300.0,282.0
878,thetiktokdrummer,Austin Ware,11100000.0,4100000.0,107400.0,793.0,326.0
879,nadina_ioana,Nadina Ioana,12900000.0,3000000.0,210900.0,473.0,318.0
880,...anddy_,ANDDY ğŸºğŸŒ™,1300000.0,827900.0,123700.0,3500.0,1300.0
881,fabstarden,FabrÃ­cio :),66000.0,692800.0,111300.0,2900.0,3500.0
882,ogabrielfalcone,NIKITA,3500000.0,1100000.0,252800.0,1000.0,728.0
883,_catben_,Catherine Benson,11000000.0,1400000.0,212100.0,784.0,864.0
884,camilacabello,Camila Cabello,17200000.0,1300000.0,182500.0,1200.0,905.0
885,wisdm8,Wisdom Kaye,8700000.0,1400000.0,199700.0,1300.0,415.0
886,eyeout4selen3r,Shawn Mac,1200000.0,736200.0,185500.0,1000.0,2500.0
887,choukripirate,CHOUKRI PIRATE ğŸ´â€â˜ ï¸,1600000.0,2300000.0,186300.0,630.0,507.0
888,captincroook,Alex Consani,792500.0,1100000.0,257400.0,1200.0,516.0
889,delaneysayshello,Delaney Rowe,1100000.0,1400000.0,178500.0,824.0,1200.0
890,anxietycouple,Anxiety couple,12700000.0,2100000.0,203700.0,665.0,494.0
891,avani,avani,42800000.0,2100000.0,209800.0,797.0,322.0
892,ugolord,âš–ï¸ The TikTok Attorney âš–ï¸,6400000.0,1700000.0,142700.0,1800.0,223.0
893,thedarcymichael,Darcy & Jer,3100000.0,1100000.0,130700.0,1500.0,1800.0
894,msquynhthie,Quá»³nh Thi,1300000.0,3700000.0,154200.0,592.0,249.0
895,armando_netto,Armando Netto,5100000.0,1600000.0,249600.0,969.0,231.0
896,juliapuzzuoli,Julia Puzzuoli Souza,13500000.0,2000000.0,259100.0,367.0,581.0
897,zzri9a,ZZRi9A,1000000.0,1700000.0,106600.0,1400.0,1200.0
898,erabii,Mohanaderabi,2000000.0,1300000.0,155100.0,1400.0,1000.0
899,rifirdus,RIFIRDUS,2400000.0,1900000.0,148600.0,837.0,899.0
900,mult..fand0m,Antonella ğŸ‘,154000.0,543800.0,103800.0,7100.0,1300.0
901,lilhuhofficial,ğŸ”¥ Lil Huh ğŸ”¥,4500000.0,2300000.0,201100.0,565.0,452.0
902,nancyajram,Nancy Ajram,2300000.0,1900000.0,129200.0,1100.0,769.0
903,angelramirezv,Angel Ramirez,1200000.0,1700000.0,150100.0,1100.0,760.0
904,una_arana,Una AraÃ±a,77000.0,2400000.0,262300.0,527.0,217.0
905,korean.comic,ì†¡ì€ì œ ğŸ‡°ğŸ‡·,1400000.0,972100.0,198500.0,999.0,1400.0
906,ladyyasmina1,Yasmine Sahid,1600000.0,1100000.0,161200.0,1100.0,1500.0
907,nicktrawick13,Nick Trawick,1200000.0,756400.0,117200.0,1700.0,3500.0
908,la.marymary,marymaryğŸ‘‘,561300.0,1100000.0,142600.0,886.0,2000.0
909,oafonsopadilha,Afonso Padilha,3200000.0,923100.0,119900.0,638.0,3500.0
910,maurobarrionuevo,Mauro Barrionuevo,2500000.0,849500.0,58700.0,278.0,9000.0
911,samsmith,Sam Smith,7100000.0,1900000.0,77700.0,1400.0,1700.0
912,mohamedmekawy,Mohamedmekawy,1400000.0,2700000.0,41700.0,953.0,3100.0
913,cirowhites1.0,CiroWhites,2500000.0,1200000.0,242600.0,529.0,1100.0
914,notbehzinga,Ethan Payne,1800000.0,2200000.0,331400.0,468.0,164.0
915,sjbleau,SJ,13900000.0,2200000.0,195300.0,664.0,408.0
916,issavegas.fit,Issavegas.fit,6000000.0,2000000.0,148800.0,483.0,1100.0
917,moontellthat,MOONTELLTHAT,14300000.0,1800000.0,132100.0,1200.0,717.0
918,joerauth_,Joe rauth,6200000.0,1400000.0,217100.0,610.0,947.0
919,mrstiventc1977,MrStivenTc,6800000.0,1900000.0,218000.0,850.0,279.0
920,ytietofficial,Ytiet Official,3700000.0,1000000.0,54300.0,1200.0,7100.0
921,deni.elenaa,Deni Elena,327900.0,842800.0,147200.0,736.0,2900.0
922,mimiermakeup,Mirta Miler,16600000.0,1900000.0,273300.0,731.0,166.0
923,nicolassturniolo,Nicolas Sturniolo,4100000.0,938300.0,202000.0,1900.0,467.0
924,julesleblanc,jules,18900000.0,1500000.0,214900.0,1100.0,259.0
925,baldybrobryzxz,celloszxzğŸ§‘ğŸ»â€ğŸ¦²,11000000.0,2600000.0,199100.0,646.0,221.0
926,artemmodelka,artemmodelka,1000000.0,2500000.0,129600.0,1000.0,370.0
927,deiveleonardooficial,Deive Leonardo,6300000.0,534700.0,77600.0,976.0,9800.0
928,azelmusic,Azel,1300000.0,1300000.0,129100.0,833.0,1900.0
929,1h__aa,Ø¹Ù„ÙŠ ØºØ§Ù†Ù…,196600.0,2000000.0,75400.0,1900.0,1100.0
930,christian_shay,Christian Shay,3100000.0,1400000.0,188600.0,1400.0,268.0
931,shani_ameliaa,Shani_amelia,2900000.0,983900.0,160100.0,1400.0,1400.0
932,tanboykun_asli,Tanboy Kun,2600000.0,2300000.0,154400.0,511.0,713.0
933,krysandkareem,Krys & Kareem,6300000.0,1900000.0,114800.0,362.0,1700.0
934,alejandrosago,Alejandro Sago,2500000.0,1600000.0,191900.0,409.0,1000.0
935,creatingwonders,Jesse J. Pedigo,12200000.0,554800.0,86700.0,1200.0,7900.0
936,f0urbr0thers,F0urBr0thers,1600000.0,1500000.0,157200.0,411.0,1500.0
937,eldavidgodoy,David Godoy,2900000.0,1700000.0,175800.0,449.0,1000.0
938,alfyfatmasaga,Alfy Saga,4300000.0,1700000.0,105500.0,804.0,1600.0
939,nabela,nabela,7600000.0,2100000.0,251500.0,502.0,330.0
940,realaa9skillz,aa9skillz,295700.0,930500.0,135000.0,2100.0,1400.0
941,valennaihomi,naihomi,401700.0,2700000.0,140300.0,955.0,219.0
942,rowverytrinidad29,Rowvery Trinidad,3400000.0,2700000.0,325600.0,295.0,204.0
943,frnzlynfby,Feby,4400000.0,1200000.0,222500.0,887.0,825.0
944,lexihensler,Lexi Hensler,9600000.0,1700000.0,230600.0,399.0,717.0
945,colinjay_,colin eckardt,1600000.0,952800.0,182900.0,1500.0,1000.0
946,eravfx,ERAVFX,1800000.0,2400000.0,181200.0,805.0,199.0
947,jailyneojeda,Jailyne Ojeda,17300000.0,1700000.0,227700.0,740.0,387.0
948,ashraf_alalmei,"ğŸ‡ªğŸ‡¬âš¡""ALALMEI""âš¡ğŸ‡µğŸ‡¸",3500000.0,1900000.0,136500.0,528.0,1200.0
949,youngji_02,ì´ì˜ì§€,2200000.0,1400000.0,293300.0,820.0,240.0
950,joelbergs,JoelBergs,11600000.0,1700000.0,242600.0,499.0,554.0
951,axxdermusic,Axder,5300000.0,531900.0,68500.0,1800.0,10100.0
952,chevy2funnyy,Chevy2funnyy,2100000.0,917700.0,181000.0,796.0,1800.0
953,nilewilsonator,Wilsonator,1200000.0,2400000.0,194100.0,448.0,464.0
954,farrukoofficialpr,FARRU,3700000.0,1400000.0,96800.0,346.0,2800.0
955,keirariff,Keira,5600000.0,1400000.0,250300.0,502.0,764.0
956,jimmywells96,Jimmy Wells,2200000.0,1100000.0,133800.0,832.0,2100.0
957,knzymyln__,Kienzyí‚¤ì—”ì§€ë¯¸ì—”âœ§ğŸ‡°ğŸ‡·,8400000.0,2800000.0,110900.0,488.0,885.0
958,flickerspark_,FlickerSpark,1800000.0,1100000.0,245100.0,830.0,750.0
959,healthy_mandy,healthy_mandy,587800.0,2200000.0,150200.0,861.0,424.0
960,robertfrank615,Robert Frank,1200000.0,778400.0,78700.0,440.0,6500.0
961,maxthemeatguy,Max The Meat Guy,5300000.0,1200000.0,178700.0,504.0,1500.0
962,ailaloures,aila loures,3900000.0,845500.0,165100.0,1400.0,1600.0
963,ogikdp,Zona Ogik | YT MELLO PROJECT,5000000.0,1600000.0,227700.0,755.0,400.0
964,leahh,leah,6300000.0,1700000.0,167600.0,785.0,737.0
965,karlwolfs,Karl Wolf,414800.0,953600.0,75400.0,2500.0,3300.0
966,natalieamayaa,Natalie Amaya,96700.0,1000000.0,116200.0,837.0,2800.0
967,banhbaoxinchao,BÃ¡nh Bao Xin ChÃ o,2600000.0,2600000.0,183600.0,623.0,256.0
968,pocaeve,EVE,138700.0,2600000.0,50900.0,1800.0,1300.0
969,thruhikers,Renee-and-Tim,2100000.0,2300000.0,250500.0,289.0,452.0
970,thenursery_nurse,Charlotte,1800000.0,1500000.0,288700.0,768.0,195.0
971,i_am_young22,ëƒ¥ë‡½ë…•ëƒ¥ğŸ‘»,3100000.0,1100000.0,147200.0,739.0,1800.0
972,itsmenicksmithy2,Nick Smithyman ğŸ˜,13600000.0,1500000.0,179100.0,757.0,789.0
973,slamminsammyswank,Sam Swank,1600000.0,834200.0,165200.0,482.0,2500.0
974,mistermainer,mistermainer,16400000.0,1200000.0,157600.0,1000.0,1100.0
975,nelysa_norazlan,Nelysa Norazlan,3000000.0,1500000.0,144400.0,760.0,1200.0
976,hunterprosper,Hunter Prosper,5500000.0,1600000.0,172600.0,437.0,1100.0
977,mohaimen.alaa,Ù…Ù‡ÙŠÙ…Ù† Ø¹Ù„Ø§Ø¡,4700000.0,1400000.0,143800.0,1300.0,801.0
978,mei_asami_,æµ…è¦‹ã‚ã„,1500000.0,1300000.0,176800.0,1100.0,768.0
979,rreygrande,rey,617800.0,700200.0,147700.0,1900.0,2100.0
980,pratiii9,pratii,505500.0,6400000.0,39300.0,538.0,1100.0
981,leesiyoung38,ì´ì‹œì˜,17600000.0,2000000.0,143300.0,952.0,472.0
982,jmartineze_,josi,23700000.0,1800000.0,235000.0,651.0,314.0
983,los_escachaitos,Los escachaitos,5300000.0,2300000.0,120900.0,692.0,772.0
984,pedrinhuol,pedrinhuol,6300000.0,1900000.0,178200.0,448.0,750.0
985,nouraridaofficial,Nour Arida,3300000.0,1900000.0,108200.0,733.0,1200.0
986,karolsevillaokay,karolsevillaofc,26200000.0,1500000.0,223200.0,913.0,298.0
987,coldcutz20,CHRIS COLDITZ,1400000.0,4400000.0,100300.0,494.0,424.0
988,mclya_,Lya,3900000.0,2200000.0,175500.0,713.0,336.0
989,ddlovato,Demi Lovato,4500000.0,1400000.0,130800.0,1700.0,573.0
990,jlo,JLO,15400000.0,1500000.0,118900.0,1800.0,417.0
991,esta.pramanita,Esta Pramanita,2400000.0,2300000.0,222700.0,390.0,392.0
992,ladydianka,LADY BUNNYğŸ°,9200000.0,1200000.0,144700.0,1300.0,899.0
993,ediqueixinho,Edivando Junior,4300000.0,1700000.0,185200.0,754.0,488.0
994,liamcarps,Liam Carpenter,1500000.0,1500000.0,136600.0,697.0,1300.0
995,giovannibonaccinii_,G I O V A N N IğŸ¦‹,1000000.0,1000000.0,171600.0,983.0,1300.0
996,jiembasands,Jiemba Sands,4900000.0,3400000.0,247400.0,207.0,264.0
997,crissa_ace,Crissa Jackson,14900000.0,1600000.0,141700.0,1200.0,580.0
998,ichadude,Alyssa & Dude,468800.0,2300000.0,85500.0,997.0,1000.0
999,kanebrown,Kane Brown,5200000.0,1700000.0,96700.0,1300.0,1200.0
1000,nnennab_,Nnenna B | NYC Creator & Actor,149100.0,606200.0,79500.0,2100.0,6100.0
